session_id,cast_uuid,stage_id,vote,min_boundary,max_boundary,time_taken,vote_id
9b76e62edbba6caa69fbfa37d3d2faf8ce0b6b9230292d6487300273610bc6b8c83883c7122db7cb94c4422338e22e08,B05A9D40-9B36-41F9-926E-AD48EE6560F2,t3-poll,10,0,10,18.103,t3-q2
9b76e62edbba6caa69fbfa37d3d2faf8ce0b6b9230292d6487300273610bc6b8c83883c7122db7cb94c4422338e22e08,B05A9D40-9B36-41F9-926E-AD48EE6560F2,t3-poll,10,0,10,18.103,t3-q1
9b76e62edbba6caa69fbfa37d3d2faf8ce0b6b9230292d6487300273610bc6b8c83883c7122db7cb94c4422338e22e08,AEC02919-91AB-435E-AF48-2CD6FE95B998,t3-poll,1,0,10,18.451,t3-q1
9b76e62edbba6caa69fbfa37d3d2faf8ce0b6b9230292d6487300273610bc6b8c83883c7122db7cb94c4422338e22e08,AEC02919-91AB-435E-AF48-2CD6FE95B998,t3-poll,1,0,10,18.452,t3-q2
9b76e62edbba6caa69fbfa37d3d2faf8ce0b6b9230292d6487300273610bc6b8c83883c7122db7cb94c4422338e22e08,C4705CA8-29AE-488B-9C79-ADD1401E0F0D,t3-poll,10,0,10,24.675,t3-q1
9b76e62edbba6caa69fbfa37d3d2faf8ce0b6b9230292d6487300273610bc6b8c83883c7122db7cb94c4422338e22e08,C4705CA8-29AE-488B-9C79-ADD1401E0F0D,t3-poll,10,0,10,24.675,t3-q2
9b76e62edbba6caa69fbfa37d3d2faf8ce0b6b9230292d6487300273610bc6b8c83883c7122db7cb94c4422338e22e08,8E89AFB0-70DB-4A7E-832F-5CD222B95F8D,t3-poll,10,0,10,30.454,t3-q1
9b76e62edbba6caa69fbfa37d3d2faf8ce0b6b9230292d6487300273610bc6b8c83883c7122db7cb94c4422338e22e08,8E89AFB0-70DB-4A7E-832F-5CD222B95F8D,t3-poll,10,0,10,30.456,t3-q2
9b76e62edbba6caa69fbfa37d3d2faf8ce0b6b9230292d6487300273610bc6b8c83883c7122db7cb94c4422338e22e08,539B5FC2-0E1C-4D53-8497-EA1F6838D1FF,t3-poll,10,0,10,31.5,t3-q2
9b76e62edbba6caa69fbfa37d3d2faf8ce0b6b9230292d6487300273610bc6b8c83883c7122db7cb94c4422338e22e08,539B5FC2-0E1C-4D53-8497-EA1F6838D1FF,t3-poll,10,0,10,31.499,t3-q1
9b76e62edbba6caa69fbfa37d3d2faf8ce0b6b9230292d6487300273610bc6b8c83883c7122db7cb94c4422338e22e08,50B5645E-7668-41C0-8CCC-0B0A385B1B5F,t3-poll,10,0,10,31.808,t3-q2
9b76e62edbba6caa69fbfa37d3d2faf8ce0b6b9230292d6487300273610bc6b8c83883c7122db7cb94c4422338e22e08,50B5645E-7668-41C0-8CCC-0B0A385B1B5F,t3-poll,10,0,10,31.807,t3-q1
9b76e62edbba6caa69fbfa37d3d2faf8ce0b6b9230292d6487300273610bc6b8c83883c7122db7cb94c4422338e22e08,21F601BF-7180-477D-A82D-4C406E7127C9,t3-poll,5,0,10,40.136,t3-q1
9b76e62edbba6caa69fbfa37d3d2faf8ce0b6b9230292d6487300273610bc6b8c83883c7122db7cb94c4422338e22e08,21F601BF-7180-477D-A82D-4C406E7127C9,t3-poll,5,0,10,40.137,t3-q2
9b76e62edbba6caa69fbfa37d3d2faf8ce0b6b9230292d6487300273610bc6b8c83883c7122db7cb94c4422338e22e08,B2E8FB55-E2B1-4A42-A1B9-9E229AC4FE0E,t3-poll,3,0,10,42.938,t3-q1
9b76e62edbba6caa69fbfa37d3d2faf8ce0b6b9230292d6487300273610bc6b8c83883c7122db7cb94c4422338e22e08,B2E8FB55-E2B1-4A42-A1B9-9E229AC4FE0E,t3-poll,4,0,10,42.938,t3-q2
9b76e62edbba6caa69fbfa37d3d2faf8ce0b6b9230292d6487300273610bc6b8c83883c7122db7cb94c4422338e22e08,C319C93C-AF22-45A7-B010-FDD1BC4234D4,t3-poll,10,0,10,45.444,t3-q1
9b76e62edbba6caa69fbfa37d3d2faf8ce0b6b9230292d6487300273610bc6b8c83883c7122db7cb94c4422338e22e08,C319C93C-AF22-45A7-B010-FDD1BC4234D4,t3-poll,10,0,10,45.445,t3-q2
9b76e62edbba6caa69fbfa37d3d2faf8ce0b6b9230292d6487300273610bc6b8c83883c7122db7cb94c4422338e22e08,5AC38610-E523-4AD9-8D2D-107AAA8873CF,t3-poll,3,0,10,53.242,t3-q1
9b76e62edbba6caa69fbfa37d3d2faf8ce0b6b9230292d6487300273610bc6b8c83883c7122db7cb94c4422338e22e08,5AC38610-E523-4AD9-8D2D-107AAA8873CF,t3-poll,7,0,10,53.242,t3-q2
9b76e62edbba6caa69fbfa37d3d2faf8ce0b6b9230292d6487300273610bc6b8c83883c7122db7cb94c4422338e22e08,8FD9F1C4-A537-4AF4-9996-31C30F2E94A2,t3-poll,10,0,10,54.414,t3-q2
9b76e62edbba6caa69fbfa37d3d2faf8ce0b6b9230292d6487300273610bc6b8c83883c7122db7cb94c4422338e22e08,8FD9F1C4-A537-4AF4-9996-31C30F2E94A2,t3-poll,10,0,10,54.414,t3-q1
9b76e62edbba6caa69fbfa37d3d2faf8ce0b6b9230292d6487300273610bc6b8c83883c7122db7cb94c4422338e22e08,5E6D883E-9F7C-4685-9E61-9E3996DA298B,t3-poll,7,0,10,66.706,t3-q1
9b76e62edbba6caa69fbfa37d3d2faf8ce0b6b9230292d6487300273610bc6b8c83883c7122db7cb94c4422338e22e08,5E6D883E-9F7C-4685-9E61-9E3996DA298B,t3-poll,6,0,10,66.707,t3-q2
9b76e62edbba6caa69fbfa37d3d2faf8ce0b6b9230292d6487300273610bc6b8c83883c7122db7cb94c4422338e22e08,8FD9F1C4-A537-4AF4-9996-31C30F2E94A2,t6-poll,10,0,10,9.208,t6-q1
9b76e62edbba6caa69fbfa37d3d2faf8ce0b6b9230292d6487300273610bc6b8c83883c7122db7cb94c4422338e22e08,8FD9F1C4-A537-4AF4-9996-31C30F2E94A2,t6-poll,10,0,10,9.208,q6-q2
9b76e62edbba6caa69fbfa37d3d2faf8ce0b6b9230292d6487300273610bc6b8c83883c7122db7cb94c4422338e22e08,539B5FC2-0E1C-4D53-8497-EA1F6838D1FF,t6-poll,7,0,10,13.755,t6-q1
9b76e62edbba6caa69fbfa37d3d2faf8ce0b6b9230292d6487300273610bc6b8c83883c7122db7cb94c4422338e22e08,539B5FC2-0E1C-4D53-8497-EA1F6838D1FF,t6-poll,8,0,10,13.756,q6-q2
9b76e62edbba6caa69fbfa37d3d2faf8ce0b6b9230292d6487300273610bc6b8c83883c7122db7cb94c4422338e22e08,50B5645E-7668-41C0-8CCC-0B0A385B1B5F,t6-poll,10,0,10,14.883,q6-q2
9b76e62edbba6caa69fbfa37d3d2faf8ce0b6b9230292d6487300273610bc6b8c83883c7122db7cb94c4422338e22e08,50B5645E-7668-41C0-8CCC-0B0A385B1B5F,t6-poll,10,0,10,14.882,t6-q1
9b76e62edbba6caa69fbfa37d3d2faf8ce0b6b9230292d6487300273610bc6b8c83883c7122db7cb94c4422338e22e08,5E6D883E-9F7C-4685-9E61-9E3996DA298B,t6-poll,10,0,10,18.369,t6-q1
9b76e62edbba6caa69fbfa37d3d2faf8ce0b6b9230292d6487300273610bc6b8c83883c7122db7cb94c4422338e22e08,5E6D883E-9F7C-4685-9E61-9E3996DA298B,t6-poll,10,0,10,18.369,q6-q2
9b76e62edbba6caa69fbfa37d3d2faf8ce0b6b9230292d6487300273610bc6b8c83883c7122db7cb94c4422338e22e08,AEC02919-91AB-435E-AF48-2CD6FE95B998,t6-poll,5,0,10,21.455,t6-q1
9b76e62edbba6caa69fbfa37d3d2faf8ce0b6b9230292d6487300273610bc6b8c83883c7122db7cb94c4422338e22e08,AEC02919-91AB-435E-AF48-2CD6FE95B998,t6-poll,5,0,10,21.456,q6-q2
9b76e62edbba6caa69fbfa37d3d2faf8ce0b6b9230292d6487300273610bc6b8c83883c7122db7cb94c4422338e22e08,8E89AFB0-70DB-4A7E-832F-5CD222B95F8D,t6-poll,10,0,10,22.704,t6-q1
9b76e62edbba6caa69fbfa37d3d2faf8ce0b6b9230292d6487300273610bc6b8c83883c7122db7cb94c4422338e22e08,8E89AFB0-70DB-4A7E-832F-5CD222B95F8D,t6-poll,5,0,10,22.704,q6-q2
9b76e62edbba6caa69fbfa37d3d2faf8ce0b6b9230292d6487300273610bc6b8c83883c7122db7cb94c4422338e22e08,B05A9D40-9B36-41F9-926E-AD48EE6560F2,t6-poll,6,0,10,24.699,t6-q1
9b76e62edbba6caa69fbfa37d3d2faf8ce0b6b9230292d6487300273610bc6b8c83883c7122db7cb94c4422338e22e08,B05A9D40-9B36-41F9-926E-AD48EE6560F2,t6-poll,3,0,10,24.699,q6-q2
9b76e62edbba6caa69fbfa37d3d2faf8ce0b6b9230292d6487300273610bc6b8c83883c7122db7cb94c4422338e22e08,21F601BF-7180-477D-A82D-4C406E7127C9,t6-poll,6,0,10,26.475,q6-q2
9b76e62edbba6caa69fbfa37d3d2faf8ce0b6b9230292d6487300273610bc6b8c83883c7122db7cb94c4422338e22e08,21F601BF-7180-477D-A82D-4C406E7127C9,t6-poll,6,0,10,26.475,t6-q1
9b76e62edbba6caa69fbfa37d3d2faf8ce0b6b9230292d6487300273610bc6b8c83883c7122db7cb94c4422338e22e08,C319C93C-AF22-45A7-B010-FDD1BC4234D4,t6-poll,10,0,10,27.534,t6-q1
9b76e62edbba6caa69fbfa37d3d2faf8ce0b6b9230292d6487300273610bc6b8c83883c7122db7cb94c4422338e22e08,C319C93C-AF22-45A7-B010-FDD1BC4234D4,t6-poll,5,0,10,27.535,q6-q2
9b76e62edbba6caa69fbfa37d3d2faf8ce0b6b9230292d6487300273610bc6b8c83883c7122db7cb94c4422338e22e08,C4705CA8-29AE-488B-9C79-ADD1401E0F0D,t6-poll,8,0,10,27.664,t6-q1
9b76e62edbba6caa69fbfa37d3d2faf8ce0b6b9230292d6487300273610bc6b8c83883c7122db7cb94c4422338e22e08,C4705CA8-29AE-488B-9C79-ADD1401E0F0D,t6-poll,8,0,10,27.665,q6-q2
9b76e62edbba6caa69fbfa37d3d2faf8ce0b6b9230292d6487300273610bc6b8c83883c7122db7cb94c4422338e22e08,B2E8FB55-E2B1-4A42-A1B9-9E229AC4FE0E,t6-poll,6,0,10,29.942,t6-q1
9b76e62edbba6caa69fbfa37d3d2faf8ce0b6b9230292d6487300273610bc6b8c83883c7122db7cb94c4422338e22e08,B2E8FB55-E2B1-4A42-A1B9-9E229AC4FE0E,t6-poll,8,0,10,29.942,q6-q2
9b76e62edbba6caa69fbfa37d3d2faf8ce0b6b9230292d6487300273610bc6b8c83883c7122db7cb94c4422338e22e08,5AC38610-E523-4AD9-8D2D-107AAA8873CF,t6-poll,10,0,10,34.954,t6-q1
9b76e62edbba6caa69fbfa37d3d2faf8ce0b6b9230292d6487300273610bc6b8c83883c7122db7cb94c4422338e22e08,5AC38610-E523-4AD9-8D2D-107AAA8873CF,t6-poll,5,0,10,34.954,q6-q2
9b76e62edbba6caa69fbfa37d3d2faf8ce0b6b9230292d6487300273610bc6b8c83883c7122db7cb94c4422338e22e08,539B5FC2-0E1C-4D53-8497-EA1F6838D1FF,t9-poll,10,0,10,8.766,t9-q1
9b76e62edbba6caa69fbfa37d3d2faf8ce0b6b9230292d6487300273610bc6b8c83883c7122db7cb94c4422338e22e08,539B5FC2-0E1C-4D53-8497-EA1F6838D1FF,t9-poll,10,0,10,8.767,t9-q2
9b76e62edbba6caa69fbfa37d3d2faf8ce0b6b9230292d6487300273610bc6b8c83883c7122db7cb94c4422338e22e08,B2E8FB55-E2B1-4A42-A1B9-9E229AC4FE0E,t9-poll,10,0,10,10.23,t9-q2
9b76e62edbba6caa69fbfa37d3d2faf8ce0b6b9230292d6487300273610bc6b8c83883c7122db7cb94c4422338e22e08,B2E8FB55-E2B1-4A42-A1B9-9E229AC4FE0E,t9-poll,10,0,10,10.229,t9-q1
9b76e62edbba6caa69fbfa37d3d2faf8ce0b6b9230292d6487300273610bc6b8c83883c7122db7cb94c4422338e22e08,B05A9D40-9B36-41F9-926E-AD48EE6560F2,t9-poll,10,0,10,12.834,t9-q2
9b76e62edbba6caa69fbfa37d3d2faf8ce0b6b9230292d6487300273610bc6b8c83883c7122db7cb94c4422338e22e08,B05A9D40-9B36-41F9-926E-AD48EE6560F2,t9-poll,8,0,10,12.833,t9-q1
9b76e62edbba6caa69fbfa37d3d2faf8ce0b6b9230292d6487300273610bc6b8c83883c7122db7cb94c4422338e22e08,AEC02919-91AB-435E-AF48-2CD6FE95B998,t9-poll,3,0,10,15.248,t9-q1
9b76e62edbba6caa69fbfa37d3d2faf8ce0b6b9230292d6487300273610bc6b8c83883c7122db7cb94c4422338e22e08,AEC02919-91AB-435E-AF48-2CD6FE95B998,t9-poll,4,0,10,15.249,t9-q2
9b76e62edbba6caa69fbfa37d3d2faf8ce0b6b9230292d6487300273610bc6b8c83883c7122db7cb94c4422338e22e08,5AC38610-E523-4AD9-8D2D-107AAA8873CF,t9-poll,10,0,10,15.416,t9-q1
9b76e62edbba6caa69fbfa37d3d2faf8ce0b6b9230292d6487300273610bc6b8c83883c7122db7cb94c4422338e22e08,5AC38610-E523-4AD9-8D2D-107AAA8873CF,t9-poll,3,0,10,15.417,t9-q2
9b76e62edbba6caa69fbfa37d3d2faf8ce0b6b9230292d6487300273610bc6b8c83883c7122db7cb94c4422338e22e08,50B5645E-7668-41C0-8CCC-0B0A385B1B5F,t9-poll,10,0,10,17.224,t9-q1
9b76e62edbba6caa69fbfa37d3d2faf8ce0b6b9230292d6487300273610bc6b8c83883c7122db7cb94c4422338e22e08,50B5645E-7668-41C0-8CCC-0B0A385B1B5F,t9-poll,8,0,10,17.225,t9-q2
9b76e62edbba6caa69fbfa37d3d2faf8ce0b6b9230292d6487300273610bc6b8c83883c7122db7cb94c4422338e22e08,8E89AFB0-70DB-4A7E-832F-5CD222B95F8D,t9-poll,10,0,10,18.558,t9-q2
9b76e62edbba6caa69fbfa37d3d2faf8ce0b6b9230292d6487300273610bc6b8c83883c7122db7cb94c4422338e22e08,8E89AFB0-70DB-4A7E-832F-5CD222B95F8D,t9-poll,10,0,10,18.558,t9-q1
9b76e62edbba6caa69fbfa37d3d2faf8ce0b6b9230292d6487300273610bc6b8c83883c7122db7cb94c4422338e22e08,C319C93C-AF22-45A7-B010-FDD1BC4234D4,t9-poll,4,0,10,18.583,t9-q2
9b76e62edbba6caa69fbfa37d3d2faf8ce0b6b9230292d6487300273610bc6b8c83883c7122db7cb94c4422338e22e08,C319C93C-AF22-45A7-B010-FDD1BC4234D4,t9-poll,5,0,10,18.583,t9-q1
9b76e62edbba6caa69fbfa37d3d2faf8ce0b6b9230292d6487300273610bc6b8c83883c7122db7cb94c4422338e22e08,8FD9F1C4-A537-4AF4-9996-31C30F2E94A2,t9-poll,10,0,10,20.605,t9-q1
9b76e62edbba6caa69fbfa37d3d2faf8ce0b6b9230292d6487300273610bc6b8c83883c7122db7cb94c4422338e22e08,8FD9F1C4-A537-4AF4-9996-31C30F2E94A2,t9-poll,10,0,10,20.606,t9-q2
9b76e62edbba6caa69fbfa37d3d2faf8ce0b6b9230292d6487300273610bc6b8c83883c7122db7cb94c4422338e22e08,C4705CA8-29AE-488B-9C79-ADD1401E0F0D,t9-poll,10,0,10,21.723,t9-q1
9b76e62edbba6caa69fbfa37d3d2faf8ce0b6b9230292d6487300273610bc6b8c83883c7122db7cb94c4422338e22e08,C4705CA8-29AE-488B-9C79-ADD1401E0F0D,t9-poll,10,0,10,21.723,t9-q2
9b76e62edbba6caa69fbfa37d3d2faf8ce0b6b9230292d6487300273610bc6b8c83883c7122db7cb94c4422338e22e08,21F601BF-7180-477D-A82D-4C406E7127C9,t9-poll,6,0,10,21.728,t9-q1
9b76e62edbba6caa69fbfa37d3d2faf8ce0b6b9230292d6487300273610bc6b8c83883c7122db7cb94c4422338e22e08,21F601BF-7180-477D-A82D-4C406E7127C9,t9-poll,3,0,10,21.728,t9-q2
9b76e62edbba6caa69fbfa37d3d2faf8ce0b6b9230292d6487300273610bc6b8c83883c7122db7cb94c4422338e22e08,5E6D883E-9F7C-4685-9E61-9E3996DA298B,t9-poll,8,0,10,22.099,t9-q1
9b76e62edbba6caa69fbfa37d3d2faf8ce0b6b9230292d6487300273610bc6b8c83883c7122db7cb94c4422338e22e08,5E6D883E-9F7C-4685-9E61-9E3996DA298B,t9-poll,5,0,10,22.1,t9-q2
9b76e62edbba6caa69fbfa37d3d2faf8ce0b6b9230292d6487300273610bc6b8c83883c7122db7cb94c4422338e22e08,AEC02919-91AB-435E-AF48-2CD6FE95B998,t12-poll,1,0,10,21.551,t12-q1
9b76e62edbba6caa69fbfa37d3d2faf8ce0b6b9230292d6487300273610bc6b8c83883c7122db7cb94c4422338e22e08,AEC02919-91AB-435E-AF48-2CD6FE95B998,t12-poll,8,0,10,21.551,t12-q2
9b76e62edbba6caa69fbfa37d3d2faf8ce0b6b9230292d6487300273610bc6b8c83883c7122db7cb94c4422338e22e08,539B5FC2-0E1C-4D53-8497-EA1F6838D1FF,t12-poll,10,0,10,25.274,t12-q1
9b76e62edbba6caa69fbfa37d3d2faf8ce0b6b9230292d6487300273610bc6b8c83883c7122db7cb94c4422338e22e08,539B5FC2-0E1C-4D53-8497-EA1F6838D1FF,t12-poll,5,0,10,25.274,t12-q2
9b76e62edbba6caa69fbfa37d3d2faf8ce0b6b9230292d6487300273610bc6b8c83883c7122db7cb94c4422338e22e08,C319C93C-AF22-45A7-B010-FDD1BC4234D4,t12-poll,10,0,10,25.369,t12-q1
9b76e62edbba6caa69fbfa37d3d2faf8ce0b6b9230292d6487300273610bc6b8c83883c7122db7cb94c4422338e22e08,C319C93C-AF22-45A7-B010-FDD1BC4234D4,t12-poll,10,0,10,25.369,t12-q2
9b76e62edbba6caa69fbfa37d3d2faf8ce0b6b9230292d6487300273610bc6b8c83883c7122db7cb94c4422338e22e08,8E89AFB0-70DB-4A7E-832F-5CD222B95F8D,t12-poll,5,0,10,26.079,t12-q1
9b76e62edbba6caa69fbfa37d3d2faf8ce0b6b9230292d6487300273610bc6b8c83883c7122db7cb94c4422338e22e08,8E89AFB0-70DB-4A7E-832F-5CD222B95F8D,t12-poll,5,0,10,26.08,t12-q2
9b76e62edbba6caa69fbfa37d3d2faf8ce0b6b9230292d6487300273610bc6b8c83883c7122db7cb94c4422338e22e08,50B5645E-7668-41C0-8CCC-0B0A385B1B5F,t12-poll,10,0,10,27.797,t12-q1
9b76e62edbba6caa69fbfa37d3d2faf8ce0b6b9230292d6487300273610bc6b8c83883c7122db7cb94c4422338e22e08,50B5645E-7668-41C0-8CCC-0B0A385B1B5F,t12-poll,9,0,10,27.797,t12-q2
9b76e62edbba6caa69fbfa37d3d2faf8ce0b6b9230292d6487300273610bc6b8c83883c7122db7cb94c4422338e22e08,B2E8FB55-E2B1-4A42-A1B9-9E229AC4FE0E,t12-poll,2,0,10,29.072,t12-q1
9b76e62edbba6caa69fbfa37d3d2faf8ce0b6b9230292d6487300273610bc6b8c83883c7122db7cb94c4422338e22e08,B2E8FB55-E2B1-4A42-A1B9-9E229AC4FE0E,t12-poll,5,0,10,29.072,t12-q2
9b76e62edbba6caa69fbfa37d3d2faf8ce0b6b9230292d6487300273610bc6b8c83883c7122db7cb94c4422338e22e08,C4705CA8-29AE-488B-9C79-ADD1401E0F0D,t12-poll,1,0,10,29.167,t12-q1
9b76e62edbba6caa69fbfa37d3d2faf8ce0b6b9230292d6487300273610bc6b8c83883c7122db7cb94c4422338e22e08,C4705CA8-29AE-488B-9C79-ADD1401E0F0D,t12-poll,8,0,10,29.168,t12-q2
9b76e62edbba6caa69fbfa37d3d2faf8ce0b6b9230292d6487300273610bc6b8c83883c7122db7cb94c4422338e22e08,8FD9F1C4-A537-4AF4-9996-31C30F2E94A2,t12-poll,10,0,10,29.416,t12-q1
9b76e62edbba6caa69fbfa37d3d2faf8ce0b6b9230292d6487300273610bc6b8c83883c7122db7cb94c4422338e22e08,8FD9F1C4-A537-4AF4-9996-31C30F2E94A2,t12-poll,10,0,10,29.416,t12-q2
9b76e62edbba6caa69fbfa37d3d2faf8ce0b6b9230292d6487300273610bc6b8c83883c7122db7cb94c4422338e22e08,B05A9D40-9B36-41F9-926E-AD48EE6560F2,t12-poll,2,0,10,34.69,t12-q1
9b76e62edbba6caa69fbfa37d3d2faf8ce0b6b9230292d6487300273610bc6b8c83883c7122db7cb94c4422338e22e08,B05A9D40-9B36-41F9-926E-AD48EE6560F2,t12-poll,7,0,10,34.691,t12-q2
9b76e62edbba6caa69fbfa37d3d2faf8ce0b6b9230292d6487300273610bc6b8c83883c7122db7cb94c4422338e22e08,5AC38610-E523-4AD9-8D2D-107AAA8873CF,t12-poll,5,0,10,35.969,t12-q1
9b76e62edbba6caa69fbfa37d3d2faf8ce0b6b9230292d6487300273610bc6b8c83883c7122db7cb94c4422338e22e08,5AC38610-E523-4AD9-8D2D-107AAA8873CF,t12-poll,0,0,10,35.969,t12-q2
9b76e62edbba6caa69fbfa37d3d2faf8ce0b6b9230292d6487300273610bc6b8c83883c7122db7cb94c4422338e22e08,21F601BF-7180-477D-A82D-4C406E7127C9,t12-poll,2,0,10,37.203,t12-q1
9b76e62edbba6caa69fbfa37d3d2faf8ce0b6b9230292d6487300273610bc6b8c83883c7122db7cb94c4422338e22e08,21F601BF-7180-477D-A82D-4C406E7127C9,t12-poll,7,0,10,37.204,t12-q2
9b76e62edbba6caa69fbfa37d3d2faf8ce0b6b9230292d6487300273610bc6b8c83883c7122db7cb94c4422338e22e08,5E6D883E-9F7C-4685-9E61-9E3996DA298B,t12-poll,4,0,10,41.207,t12-q1
9b76e62edbba6caa69fbfa37d3d2faf8ce0b6b9230292d6487300273610bc6b8c83883c7122db7cb94c4422338e22e08,5E6D883E-9F7C-4685-9E61-9E3996DA298B,t12-poll,5,0,10,41.208,t12-q2
9b76e62edbba6caa69fbfa37d3d2faf8ce0b6b9230292d6487300273610bc6b8c83883c7122db7cb94c4422338e22e08,539B5FC2-0E1C-4D53-8497-EA1F6838D1FF,t15-taking-temperature,9,0,10,30.269,t15-q1
9b76e62edbba6caa69fbfa37d3d2faf8ce0b6b9230292d6487300273610bc6b8c83883c7122db7cb94c4422338e22e08,539B5FC2-0E1C-4D53-8497-EA1F6838D1FF,t15-taking-temperature,10,0,10,30.27,t15-q2
9b76e62edbba6caa69fbfa37d3d2faf8ce0b6b9230292d6487300273610bc6b8c83883c7122db7cb94c4422338e22e08,539B5FC2-0E1C-4D53-8497-EA1F6838D1FF,t15-taking-temperature,8,0,10,30.27,t15-q4
9b76e62edbba6caa69fbfa37d3d2faf8ce0b6b9230292d6487300273610bc6b8c83883c7122db7cb94c4422338e22e08,539B5FC2-0E1C-4D53-8497-EA1F6838D1FF,t15-taking-temperature,5,0,10,30.271,t15-q5
9b76e62edbba6caa69fbfa37d3d2faf8ce0b6b9230292d6487300273610bc6b8c83883c7122db7cb94c4422338e22e08,539B5FC2-0E1C-4D53-8497-EA1F6838D1FF,t15-taking-temperature,7,0,10,30.27,t15-q3
9b76e62edbba6caa69fbfa37d3d2faf8ce0b6b9230292d6487300273610bc6b8c83883c7122db7cb94c4422338e22e08,B05A9D40-9B36-41F9-926E-AD48EE6560F2,t15-taking-temperature,5,0,10,34.653,t15-q2
9b76e62edbba6caa69fbfa37d3d2faf8ce0b6b9230292d6487300273610bc6b8c83883c7122db7cb94c4422338e22e08,B05A9D40-9B36-41F9-926E-AD48EE6560F2,t15-taking-temperature,5,0,10,34.653,t15-q5
9b76e62edbba6caa69fbfa37d3d2faf8ce0b6b9230292d6487300273610bc6b8c83883c7122db7cb94c4422338e22e08,B05A9D40-9B36-41F9-926E-AD48EE6560F2,t15-taking-temperature,5,0,10,34.653,t15-q4
9b76e62edbba6caa69fbfa37d3d2faf8ce0b6b9230292d6487300273610bc6b8c83883c7122db7cb94c4422338e22e08,B05A9D40-9B36-41F9-926E-AD48EE6560F2,t15-taking-temperature,10,0,10,34.653,t15-q1
9b76e62edbba6caa69fbfa37d3d2faf8ce0b6b9230292d6487300273610bc6b8c83883c7122db7cb94c4422338e22e08,B05A9D40-9B36-41F9-926E-AD48EE6560F2,t15-taking-temperature,6,0,10,34.653,t15-q3
9b76e62edbba6caa69fbfa37d3d2faf8ce0b6b9230292d6487300273610bc6b8c83883c7122db7cb94c4422338e22e08,50B5645E-7668-41C0-8CCC-0B0A385B1B5F,t15-taking-temperature,10,0,10,34.862,t15-q1
9b76e62edbba6caa69fbfa37d3d2faf8ce0b6b9230292d6487300273610bc6b8c83883c7122db7cb94c4422338e22e08,50B5645E-7668-41C0-8CCC-0B0A385B1B5F,t15-taking-temperature,10,0,10,34.862,t15-q2
9b76e62edbba6caa69fbfa37d3d2faf8ce0b6b9230292d6487300273610bc6b8c83883c7122db7cb94c4422338e22e08,50B5645E-7668-41C0-8CCC-0B0A385B1B5F,t15-taking-temperature,10,0,10,34.862,t15-q4
9b76e62edbba6caa69fbfa37d3d2faf8ce0b6b9230292d6487300273610bc6b8c83883c7122db7cb94c4422338e22e08,50B5645E-7668-41C0-8CCC-0B0A385B1B5F,t15-taking-temperature,9,0,10,34.862,t15-q5
9b76e62edbba6caa69fbfa37d3d2faf8ce0b6b9230292d6487300273610bc6b8c83883c7122db7cb94c4422338e22e08,50B5645E-7668-41C0-8CCC-0B0A385B1B5F,t15-taking-temperature,10,0,10,34.862,t15-q3
9b76e62edbba6caa69fbfa37d3d2faf8ce0b6b9230292d6487300273610bc6b8c83883c7122db7cb94c4422338e22e08,21F601BF-7180-477D-A82D-4C406E7127C9,t15-taking-temperature,5,0,10,35.309,t15-q1
9b76e62edbba6caa69fbfa37d3d2faf8ce0b6b9230292d6487300273610bc6b8c83883c7122db7cb94c4422338e22e08,21F601BF-7180-477D-A82D-4C406E7127C9,t15-taking-temperature,5,0,10,35.31,t15-q2
9b76e62edbba6caa69fbfa37d3d2faf8ce0b6b9230292d6487300273610bc6b8c83883c7122db7cb94c4422338e22e08,21F601BF-7180-477D-A82D-4C406E7127C9,t15-taking-temperature,5,0,10,35.311,t15-q4
9b76e62edbba6caa69fbfa37d3d2faf8ce0b6b9230292d6487300273610bc6b8c83883c7122db7cb94c4422338e22e08,21F601BF-7180-477D-A82D-4C406E7127C9,t15-taking-temperature,5,0,10,35.311,t15-q5
9b76e62edbba6caa69fbfa37d3d2faf8ce0b6b9230292d6487300273610bc6b8c83883c7122db7cb94c4422338e22e08,21F601BF-7180-477D-A82D-4C406E7127C9,t15-taking-temperature,5,0,10,35.31,t15-q3
9b76e62edbba6caa69fbfa37d3d2faf8ce0b6b9230292d6487300273610bc6b8c83883c7122db7cb94c4422338e22e08,8FD9F1C4-A537-4AF4-9996-31C30F2E94A2,t15-taking-temperature,10,0,10,37.02,t15-q1
9b76e62edbba6caa69fbfa37d3d2faf8ce0b6b9230292d6487300273610bc6b8c83883c7122db7cb94c4422338e22e08,8FD9F1C4-A537-4AF4-9996-31C30F2E94A2,t15-taking-temperature,10,0,10,37.02,t15-q2
9b76e62edbba6caa69fbfa37d3d2faf8ce0b6b9230292d6487300273610bc6b8c83883c7122db7cb94c4422338e22e08,8FD9F1C4-A537-4AF4-9996-31C30F2E94A2,t15-taking-temperature,10,0,10,37.021,t15-q5
9b76e62edbba6caa69fbfa37d3d2faf8ce0b6b9230292d6487300273610bc6b8c83883c7122db7cb94c4422338e22e08,8FD9F1C4-A537-4AF4-9996-31C30F2E94A2,t15-taking-temperature,10,0,10,37.02,t15-q3
9b76e62edbba6caa69fbfa37d3d2faf8ce0b6b9230292d6487300273610bc6b8c83883c7122db7cb94c4422338e22e08,8FD9F1C4-A537-4AF4-9996-31C30F2E94A2,t15-taking-temperature,10,0,10,37.021,t15-q4
9b76e62edbba6caa69fbfa37d3d2faf8ce0b6b9230292d6487300273610bc6b8c83883c7122db7cb94c4422338e22e08,B2E8FB55-E2B1-4A42-A1B9-9E229AC4FE0E,t15-taking-temperature,7,0,10,38.554,t15-q1
9b76e62edbba6caa69fbfa37d3d2faf8ce0b6b9230292d6487300273610bc6b8c83883c7122db7cb94c4422338e22e08,B2E8FB55-E2B1-4A42-A1B9-9E229AC4FE0E,t15-taking-temperature,7,0,10,38.555,t15-q5
9b76e62edbba6caa69fbfa37d3d2faf8ce0b6b9230292d6487300273610bc6b8c83883c7122db7cb94c4422338e22e08,B2E8FB55-E2B1-4A42-A1B9-9E229AC4FE0E,t15-taking-temperature,7,0,10,38.555,t15-q4
9b76e62edbba6caa69fbfa37d3d2faf8ce0b6b9230292d6487300273610bc6b8c83883c7122db7cb94c4422338e22e08,B2E8FB55-E2B1-4A42-A1B9-9E229AC4FE0E,t15-taking-temperature,8,0,10,38.555,t15-q2
9b76e62edbba6caa69fbfa37d3d2faf8ce0b6b9230292d6487300273610bc6b8c83883c7122db7cb94c4422338e22e08,B2E8FB55-E2B1-4A42-A1B9-9E229AC4FE0E,t15-taking-temperature,10,0,10,38.555,t15-q3
9b76e62edbba6caa69fbfa37d3d2faf8ce0b6b9230292d6487300273610bc6b8c83883c7122db7cb94c4422338e22e08,AEC02919-91AB-435E-AF48-2CD6FE95B998,t15-taking-temperature,1,0,10,49.542,t15-q1
9b76e62edbba6caa69fbfa37d3d2faf8ce0b6b9230292d6487300273610bc6b8c83883c7122db7cb94c4422338e22e08,AEC02919-91AB-435E-AF48-2CD6FE95B998,t15-taking-temperature,8,0,10,49.542,t15-q2
9b76e62edbba6caa69fbfa37d3d2faf8ce0b6b9230292d6487300273610bc6b8c83883c7122db7cb94c4422338e22e08,AEC02919-91AB-435E-AF48-2CD6FE95B998,t15-taking-temperature,3,0,10,49.543,t15-q4
9b76e62edbba6caa69fbfa37d3d2faf8ce0b6b9230292d6487300273610bc6b8c83883c7122db7cb94c4422338e22e08,AEC02919-91AB-435E-AF48-2CD6FE95B998,t15-taking-temperature,7,0,10,49.543,t15-q5
9b76e62edbba6caa69fbfa37d3d2faf8ce0b6b9230292d6487300273610bc6b8c83883c7122db7cb94c4422338e22e08,AEC02919-91AB-435E-AF48-2CD6FE95B998,t15-taking-temperature,3,0,10,49.542,t15-q3
9b76e62edbba6caa69fbfa37d3d2faf8ce0b6b9230292d6487300273610bc6b8c83883c7122db7cb94c4422338e22e08,8E89AFB0-70DB-4A7E-832F-5CD222B95F8D,t15-taking-temperature,10,0,10,49.739,t15-q1
9b76e62edbba6caa69fbfa37d3d2faf8ce0b6b9230292d6487300273610bc6b8c83883c7122db7cb94c4422338e22e08,8E89AFB0-70DB-4A7E-832F-5CD222B95F8D,t15-taking-temperature,10,0,10,49.739,t15-q2
9b76e62edbba6caa69fbfa37d3d2faf8ce0b6b9230292d6487300273610bc6b8c83883c7122db7cb94c4422338e22e08,8E89AFB0-70DB-4A7E-832F-5CD222B95F8D,t15-taking-temperature,5,0,10,49.739,t15-q4
9b76e62edbba6caa69fbfa37d3d2faf8ce0b6b9230292d6487300273610bc6b8c83883c7122db7cb94c4422338e22e08,8E89AFB0-70DB-4A7E-832F-5CD222B95F8D,t15-taking-temperature,5,0,10,49.739,t15-q5
9b76e62edbba6caa69fbfa37d3d2faf8ce0b6b9230292d6487300273610bc6b8c83883c7122db7cb94c4422338e22e08,8E89AFB0-70DB-4A7E-832F-5CD222B95F8D,t15-taking-temperature,10,0,10,49.739,t15-q3
9b76e62edbba6caa69fbfa37d3d2faf8ce0b6b9230292d6487300273610bc6b8c83883c7122db7cb94c4422338e22e08,C319C93C-AF22-45A7-B010-FDD1BC4234D4,t15-taking-temperature,9,0,10,49.89,t15-q1
9b76e62edbba6caa69fbfa37d3d2faf8ce0b6b9230292d6487300273610bc6b8c83883c7122db7cb94c4422338e22e08,C319C93C-AF22-45A7-B010-FDD1BC4234D4,t15-taking-temperature,8,0,10,49.89,t15-q5
9b76e62edbba6caa69fbfa37d3d2faf8ce0b6b9230292d6487300273610bc6b8c83883c7122db7cb94c4422338e22e08,C319C93C-AF22-45A7-B010-FDD1BC4234D4,t15-taking-temperature,5,0,10,49.89,t15-q3
9b76e62edbba6caa69fbfa37d3d2faf8ce0b6b9230292d6487300273610bc6b8c83883c7122db7cb94c4422338e22e08,C319C93C-AF22-45A7-B010-FDD1BC4234D4,t15-taking-temperature,5,0,10,49.89,t15-q4
9b76e62edbba6caa69fbfa37d3d2faf8ce0b6b9230292d6487300273610bc6b8c83883c7122db7cb94c4422338e22e08,C319C93C-AF22-45A7-B010-FDD1BC4234D4,t15-taking-temperature,9,0,10,49.89,t15-q2
9b76e62edbba6caa69fbfa37d3d2faf8ce0b6b9230292d6487300273610bc6b8c83883c7122db7cb94c4422338e22e08,C4705CA8-29AE-488B-9C79-ADD1401E0F0D,t15-taking-temperature,9,0,10,51.198,t15-q1
9b76e62edbba6caa69fbfa37d3d2faf8ce0b6b9230292d6487300273610bc6b8c83883c7122db7cb94c4422338e22e08,C4705CA8-29AE-488B-9C79-ADD1401E0F0D,t15-taking-temperature,9,0,10,51.199,t15-q5
9b76e62edbba6caa69fbfa37d3d2faf8ce0b6b9230292d6487300273610bc6b8c83883c7122db7cb94c4422338e22e08,C4705CA8-29AE-488B-9C79-ADD1401E0F0D,t15-taking-temperature,8,0,10,51.199,t15-q4
9b76e62edbba6caa69fbfa37d3d2faf8ce0b6b9230292d6487300273610bc6b8c83883c7122db7cb94c4422338e22e08,C4705CA8-29AE-488B-9C79-ADD1401E0F0D,t15-taking-temperature,8,0,10,51.198,t15-q2
9b76e62edbba6caa69fbfa37d3d2faf8ce0b6b9230292d6487300273610bc6b8c83883c7122db7cb94c4422338e22e08,C4705CA8-29AE-488B-9C79-ADD1401E0F0D,t15-taking-temperature,7,0,10,51.199,t15-q3
9b76e62edbba6caa69fbfa37d3d2faf8ce0b6b9230292d6487300273610bc6b8c83883c7122db7cb94c4422338e22e08,5AC38610-E523-4AD9-8D2D-107AAA8873CF,t15-taking-temperature,4,0,10,52.821,t15-q1
9b76e62edbba6caa69fbfa37d3d2faf8ce0b6b9230292d6487300273610bc6b8c83883c7122db7cb94c4422338e22e08,5AC38610-E523-4AD9-8D2D-107AAA8873CF,t15-taking-temperature,10,0,10,52.821,t15-q2
9b76e62edbba6caa69fbfa37d3d2faf8ce0b6b9230292d6487300273610bc6b8c83883c7122db7cb94c4422338e22e08,5AC38610-E523-4AD9-8D2D-107AAA8873CF,t15-taking-temperature,3,0,10,52.822,t15-q4
9b76e62edbba6caa69fbfa37d3d2faf8ce0b6b9230292d6487300273610bc6b8c83883c7122db7cb94c4422338e22e08,5AC38610-E523-4AD9-8D2D-107AAA8873CF,t15-taking-temperature,0,0,10,52.822,t15-q5
9b76e62edbba6caa69fbfa37d3d2faf8ce0b6b9230292d6487300273610bc6b8c83883c7122db7cb94c4422338e22e08,5AC38610-E523-4AD9-8D2D-107AAA8873CF,t15-taking-temperature,7,0,10,52.821,t15-q3
9b76e62edbba6caa69fbfa37d3d2faf8ce0b6b9230292d6487300273610bc6b8c83883c7122db7cb94c4422338e22e08,5E6D883E-9F7C-4685-9E61-9E3996DA298B,t15-taking-temperature,9,0,10,73.032,t15-q1
9b76e62edbba6caa69fbfa37d3d2faf8ce0b6b9230292d6487300273610bc6b8c83883c7122db7cb94c4422338e22e08,5E6D883E-9F7C-4685-9E61-9E3996DA298B,t15-taking-temperature,0,0,10,73.034,t15-q5
9b76e62edbba6caa69fbfa37d3d2faf8ce0b6b9230292d6487300273610bc6b8c83883c7122db7cb94c4422338e22e08,5E6D883E-9F7C-4685-9E61-9E3996DA298B,t15-taking-temperature,5,0,10,73.034,t15-q3
9b76e62edbba6caa69fbfa37d3d2faf8ce0b6b9230292d6487300273610bc6b8c83883c7122db7cb94c4422338e22e08,5E6D883E-9F7C-4685-9E61-9E3996DA298B,t15-taking-temperature,9,0,10,73.033,t15-q2
9b76e62edbba6caa69fbfa37d3d2faf8ce0b6b9230292d6487300273610bc6b8c83883c7122db7cb94c4422338e22e08,5E6D883E-9F7C-4685-9E61-9E3996DA298B,t15-taking-temperature,5,0,10,73.034,t15-q4
9b76e62edbba6caa69fbfa37d3d2faf8ce0b6b9230292d6487300273610bc6b8c83883c7122db7cb94c4422338e22e08,539B5FC2-0E1C-4D53-8497-EA1F6838D1FF,t17-final-vote,9,0,10,21.988,t17-q1
9b76e62edbba6caa69fbfa37d3d2faf8ce0b6b9230292d6487300273610bc6b8c83883c7122db7cb94c4422338e22e08,539B5FC2-0E1C-4D53-8497-EA1F6838D1FF,t17-final-vote,10,0,10,21.989,t17-q2
9b76e62edbba6caa69fbfa37d3d2faf8ce0b6b9230292d6487300273610bc6b8c83883c7122db7cb94c4422338e22e08,539B5FC2-0E1C-4D53-8497-EA1F6838D1FF,t17-final-vote,7,0,10,21.99,t17-q4
9b76e62edbba6caa69fbfa37d3d2faf8ce0b6b9230292d6487300273610bc6b8c83883c7122db7cb94c4422338e22e08,539B5FC2-0E1C-4D53-8497-EA1F6838D1FF,t17-final-vote,8,0,10,21.989,t17-q3
9b76e62edbba6caa69fbfa37d3d2faf8ce0b6b9230292d6487300273610bc6b8c83883c7122db7cb94c4422338e22e08,539B5FC2-0E1C-4D53-8497-EA1F6838D1FF,t17-final-vote,0,0,10,21.99,t17-q5
9b76e62edbba6caa69fbfa37d3d2faf8ce0b6b9230292d6487300273610bc6b8c83883c7122db7cb94c4422338e22e08,B05A9D40-9B36-41F9-926E-AD48EE6560F2,t17-final-vote,10,0,10,25.909,t17-q1
9b76e62edbba6caa69fbfa37d3d2faf8ce0b6b9230292d6487300273610bc6b8c83883c7122db7cb94c4422338e22e08,B05A9D40-9B36-41F9-926E-AD48EE6560F2,t17-final-vote,5,0,10,25.909,t17-q2
9b76e62edbba6caa69fbfa37d3d2faf8ce0b6b9230292d6487300273610bc6b8c83883c7122db7cb94c4422338e22e08,B05A9D40-9B36-41F9-926E-AD48EE6560F2,t17-final-vote,5,0,10,25.909,t17-q4
9b76e62edbba6caa69fbfa37d3d2faf8ce0b6b9230292d6487300273610bc6b8c83883c7122db7cb94c4422338e22e08,B05A9D40-9B36-41F9-926E-AD48EE6560F2,t17-final-vote,10,0,10,25.909,t17-q5
9b76e62edbba6caa69fbfa37d3d2faf8ce0b6b9230292d6487300273610bc6b8c83883c7122db7cb94c4422338e22e08,B05A9D40-9B36-41F9-926E-AD48EE6560F2,t17-final-vote,5,0,10,25.909,t17-q3
9b76e62edbba6caa69fbfa37d3d2faf8ce0b6b9230292d6487300273610bc6b8c83883c7122db7cb94c4422338e22e08,AEC02919-91AB-435E-AF48-2CD6FE95B998,t17-final-vote,5,0,10,27.661,t17-q4
9b76e62edbba6caa69fbfa37d3d2faf8ce0b6b9230292d6487300273610bc6b8c83883c7122db7cb94c4422338e22e08,AEC02919-91AB-435E-AF48-2CD6FE95B998,t17-final-vote,5,0,10,27.661,t17-q5
9b76e62edbba6caa69fbfa37d3d2faf8ce0b6b9230292d6487300273610bc6b8c83883c7122db7cb94c4422338e22e08,AEC02919-91AB-435E-AF48-2CD6FE95B998,t17-final-vote,5,0,10,27.66,t17-q1
9b76e62edbba6caa69fbfa37d3d2faf8ce0b6b9230292d6487300273610bc6b8c83883c7122db7cb94c4422338e22e08,AEC02919-91AB-435E-AF48-2CD6FE95B998,t17-final-vote,5,0,10,27.66,t17-q2
9b76e62edbba6caa69fbfa37d3d2faf8ce0b6b9230292d6487300273610bc6b8c83883c7122db7cb94c4422338e22e08,AEC02919-91AB-435E-AF48-2CD6FE95B998,t17-final-vote,5,0,10,27.661,t17-q3
9b76e62edbba6caa69fbfa37d3d2faf8ce0b6b9230292d6487300273610bc6b8c83883c7122db7cb94c4422338e22e08,C4705CA8-29AE-488B-9C79-ADD1401E0F0D,t17-final-vote,10,0,10,29.277,t17-q2
9b76e62edbba6caa69fbfa37d3d2faf8ce0b6b9230292d6487300273610bc6b8c83883c7122db7cb94c4422338e22e08,C4705CA8-29AE-488B-9C79-ADD1401E0F0D,t17-final-vote,10,0,10,29.278,t17-q5
9b76e62edbba6caa69fbfa37d3d2faf8ce0b6b9230292d6487300273610bc6b8c83883c7122db7cb94c4422338e22e08,C4705CA8-29AE-488B-9C79-ADD1401E0F0D,t17-final-vote,10,0,10,29.277,t17-q4
9b76e62edbba6caa69fbfa37d3d2faf8ce0b6b9230292d6487300273610bc6b8c83883c7122db7cb94c4422338e22e08,C4705CA8-29AE-488B-9C79-ADD1401E0F0D,t17-final-vote,6,0,10,29.277,t17-q3
9b76e62edbba6caa69fbfa37d3d2faf8ce0b6b9230292d6487300273610bc6b8c83883c7122db7cb94c4422338e22e08,C4705CA8-29AE-488B-9C79-ADD1401E0F0D,t17-final-vote,10,0,10,29.277,t17-q1
9b76e62edbba6caa69fbfa37d3d2faf8ce0b6b9230292d6487300273610bc6b8c83883c7122db7cb94c4422338e22e08,B2E8FB55-E2B1-4A42-A1B9-9E229AC4FE0E,t17-final-vote,9,0,10,29.34,t17-q1
9b76e62edbba6caa69fbfa37d3d2faf8ce0b6b9230292d6487300273610bc6b8c83883c7122db7cb94c4422338e22e08,B2E8FB55-E2B1-4A42-A1B9-9E229AC4FE0E,t17-final-vote,10,0,10,29.34,t17-q3
9b76e62edbba6caa69fbfa37d3d2faf8ce0b6b9230292d6487300273610bc6b8c83883c7122db7cb94c4422338e22e08,B2E8FB55-E2B1-4A42-A1B9-9E229AC4FE0E,t17-final-vote,9,0,10,29.34,t17-q2
9b76e62edbba6caa69fbfa37d3d2faf8ce0b6b9230292d6487300273610bc6b8c83883c7122db7cb94c4422338e22e08,B2E8FB55-E2B1-4A42-A1B9-9E229AC4FE0E,t17-final-vote,9,0,10,29.34,t17-q5
9b76e62edbba6caa69fbfa37d3d2faf8ce0b6b9230292d6487300273610bc6b8c83883c7122db7cb94c4422338e22e08,B2E8FB55-E2B1-4A42-A1B9-9E229AC4FE0E,t17-final-vote,8,0,10,29.34,t17-q4
9b76e62edbba6caa69fbfa37d3d2faf8ce0b6b9230292d6487300273610bc6b8c83883c7122db7cb94c4422338e22e08,8E89AFB0-70DB-4A7E-832F-5CD222B95F8D,t17-final-vote,10,0,10,30.393,t17-q1
9b76e62edbba6caa69fbfa37d3d2faf8ce0b6b9230292d6487300273610bc6b8c83883c7122db7cb94c4422338e22e08,8E89AFB0-70DB-4A7E-832F-5CD222B95F8D,t17-final-vote,10,0,10,30.393,t17-q2
9b76e62edbba6caa69fbfa37d3d2faf8ce0b6b9230292d6487300273610bc6b8c83883c7122db7cb94c4422338e22e08,8E89AFB0-70DB-4A7E-832F-5CD222B95F8D,t17-final-vote,10,0,10,30.394,t17-q3
9b76e62edbba6caa69fbfa37d3d2faf8ce0b6b9230292d6487300273610bc6b8c83883c7122db7cb94c4422338e22e08,8E89AFB0-70DB-4A7E-832F-5CD222B95F8D,t17-final-vote,5,0,10,30.394,t17-q4
9b76e62edbba6caa69fbfa37d3d2faf8ce0b6b9230292d6487300273610bc6b8c83883c7122db7cb94c4422338e22e08,8E89AFB0-70DB-4A7E-832F-5CD222B95F8D,t17-final-vote,5,0,10,30.394,t17-q5
9b76e62edbba6caa69fbfa37d3d2faf8ce0b6b9230292d6487300273610bc6b8c83883c7122db7cb94c4422338e22e08,8FD9F1C4-A537-4AF4-9996-31C30F2E94A2,t17-final-vote,10,0,10,31.125,t17-q1
9b76e62edbba6caa69fbfa37d3d2faf8ce0b6b9230292d6487300273610bc6b8c83883c7122db7cb94c4422338e22e08,8FD9F1C4-A537-4AF4-9996-31C30F2E94A2,t17-final-vote,5,0,10,31.126,t17-q5
9b76e62edbba6caa69fbfa37d3d2faf8ce0b6b9230292d6487300273610bc6b8c83883c7122db7cb94c4422338e22e08,8FD9F1C4-A537-4AF4-9996-31C30F2E94A2,t17-final-vote,10,0,10,31.126,t17-q4
9b76e62edbba6caa69fbfa37d3d2faf8ce0b6b9230292d6487300273610bc6b8c83883c7122db7cb94c4422338e22e08,8FD9F1C4-A537-4AF4-9996-31C30F2E94A2,t17-final-vote,10,0,10,31.125,t17-q2
9b76e62edbba6caa69fbfa37d3d2faf8ce0b6b9230292d6487300273610bc6b8c83883c7122db7cb94c4422338e22e08,8FD9F1C4-A537-4AF4-9996-31C30F2E94A2,t17-final-vote,10,0,10,31.125,t17-q3
9b76e62edbba6caa69fbfa37d3d2faf8ce0b6b9230292d6487300273610bc6b8c83883c7122db7cb94c4422338e22e08,C319C93C-AF22-45A7-B010-FDD1BC4234D4,t17-final-vote,10,0,10,33.019,t17-q2
9b76e62edbba6caa69fbfa37d3d2faf8ce0b6b9230292d6487300273610bc6b8c83883c7122db7cb94c4422338e22e08,C319C93C-AF22-45A7-B010-FDD1BC4234D4,t17-final-vote,6,0,10,33.019,t17-q5
9b76e62edbba6caa69fbfa37d3d2faf8ce0b6b9230292d6487300273610bc6b8c83883c7122db7cb94c4422338e22e08,C319C93C-AF22-45A7-B010-FDD1BC4234D4,t17-final-vote,6,0,10,33.019,t17-q4
9b76e62edbba6caa69fbfa37d3d2faf8ce0b6b9230292d6487300273610bc6b8c83883c7122db7cb94c4422338e22e08,C319C93C-AF22-45A7-B010-FDD1BC4234D4,t17-final-vote,9,0,10,33.019,t17-q1
9b76e62edbba6caa69fbfa37d3d2faf8ce0b6b9230292d6487300273610bc6b8c83883c7122db7cb94c4422338e22e08,C319C93C-AF22-45A7-B010-FDD1BC4234D4,t17-final-vote,7,0,10,33.019,t17-q3
9b76e62edbba6caa69fbfa37d3d2faf8ce0b6b9230292d6487300273610bc6b8c83883c7122db7cb94c4422338e22e08,5AC38610-E523-4AD9-8D2D-107AAA8873CF,t17-final-vote,6,0,10,33.169,t17-q1
9b76e62edbba6caa69fbfa37d3d2faf8ce0b6b9230292d6487300273610bc6b8c83883c7122db7cb94c4422338e22e08,5AC38610-E523-4AD9-8D2D-107AAA8873CF,t17-final-vote,3,0,10,33.17,t17-q4
9b76e62edbba6caa69fbfa37d3d2faf8ce0b6b9230292d6487300273610bc6b8c83883c7122db7cb94c4422338e22e08,5AC38610-E523-4AD9-8D2D-107AAA8873CF,t17-final-vote,5,0,10,33.17,t17-q3
9b76e62edbba6caa69fbfa37d3d2faf8ce0b6b9230292d6487300273610bc6b8c83883c7122db7cb94c4422338e22e08,5AC38610-E523-4AD9-8D2D-107AAA8873CF,t17-final-vote,10,0,10,33.17,t17-q2
9b76e62edbba6caa69fbfa37d3d2faf8ce0b6b9230292d6487300273610bc6b8c83883c7122db7cb94c4422338e22e08,5AC38610-E523-4AD9-8D2D-107AAA8873CF,t17-final-vote,0,0,10,33.17,t17-q5
9b76e62edbba6caa69fbfa37d3d2faf8ce0b6b9230292d6487300273610bc6b8c83883c7122db7cb94c4422338e22e08,50B5645E-7668-41C0-8CCC-0B0A385B1B5F,t17-final-vote,10,0,10,40.623,t17-q2
9b76e62edbba6caa69fbfa37d3d2faf8ce0b6b9230292d6487300273610bc6b8c83883c7122db7cb94c4422338e22e08,50B5645E-7668-41C0-8CCC-0B0A385B1B5F,t17-final-vote,10,0,10,40.623,t17-q3
9b76e62edbba6caa69fbfa37d3d2faf8ce0b6b9230292d6487300273610bc6b8c83883c7122db7cb94c4422338e22e08,50B5645E-7668-41C0-8CCC-0B0A385B1B5F,t17-final-vote,10,0,10,40.623,t17-q1
9b76e62edbba6caa69fbfa37d3d2faf8ce0b6b9230292d6487300273610bc6b8c83883c7122db7cb94c4422338e22e08,50B5645E-7668-41C0-8CCC-0B0A385B1B5F,t17-final-vote,10,0,10,40.623,t17-q4
9b76e62edbba6caa69fbfa37d3d2faf8ce0b6b9230292d6487300273610bc6b8c83883c7122db7cb94c4422338e22e08,50B5645E-7668-41C0-8CCC-0B0A385B1B5F,t17-final-vote,9,0,10,40.623,t17-q5
9b76e62edbba6caa69fbfa37d3d2faf8ce0b6b9230292d6487300273610bc6b8c83883c7122db7cb94c4422338e22e08,5E6D883E-9F7C-4685-9E61-9E3996DA298B,t17-final-vote,8,0,10,77.572,t17-q1
9b76e62edbba6caa69fbfa37d3d2faf8ce0b6b9230292d6487300273610bc6b8c83883c7122db7cb94c4422338e22e08,5E6D883E-9F7C-4685-9E61-9E3996DA298B,t17-final-vote,7,0,10,77.573,t17-q2
9b76e62edbba6caa69fbfa37d3d2faf8ce0b6b9230292d6487300273610bc6b8c83883c7122db7cb94c4422338e22e08,5E6D883E-9F7C-4685-9E61-9E3996DA298B,t17-final-vote,3,0,10,77.573,t17-q3
9b76e62edbba6caa69fbfa37d3d2faf8ce0b6b9230292d6487300273610bc6b8c83883c7122db7cb94c4422338e22e08,5E6D883E-9F7C-4685-9E61-9E3996DA298B,t17-final-vote,2,0,10,77.574,t17-q4
9b76e62edbba6caa69fbfa37d3d2faf8ce0b6b9230292d6487300273610bc6b8c83883c7122db7cb94c4422338e22e08,5E6D883E-9F7C-4685-9E61-9E3996DA298B,t17-final-vote,3,0,10,77.574,t17-q5
9b76e62edbba6caa69fbfa37d3d2faf8ce0b6b9230292d6487300273610bc6b8c83883c7122db7cb94c4422338e22e08,21F601BF-7180-477D-A82D-4C406E7127C9,t17-final-vote,3,0,10,101.862,t17-q1
9b76e62edbba6caa69fbfa37d3d2faf8ce0b6b9230292d6487300273610bc6b8c83883c7122db7cb94c4422338e22e08,21F601BF-7180-477D-A82D-4C406E7127C9,t17-final-vote,4,0,10,101.863,t17-q2
9b76e62edbba6caa69fbfa37d3d2faf8ce0b6b9230292d6487300273610bc6b8c83883c7122db7cb94c4422338e22e08,21F601BF-7180-477D-A82D-4C406E7127C9,t17-final-vote,4,0,10,101.864,t17-q4
9b76e62edbba6caa69fbfa37d3d2faf8ce0b6b9230292d6487300273610bc6b8c83883c7122db7cb94c4422338e22e08,21F601BF-7180-477D-A82D-4C406E7127C9,t17-final-vote,4,0,10,101.864,t17-q5
9b76e62edbba6caa69fbfa37d3d2faf8ce0b6b9230292d6487300273610bc6b8c83883c7122db7cb94c4422338e22e08,21F601BF-7180-477D-A82D-4C406E7127C9,t17-final-vote,4,0,10,101.864,t17-q3
9b76e62edbba6caa69fbfa37d3d2faf8ce0b6b9230292d6487300273610bc6b8c83883c7122db7cb94c4422338e22e08,B05A9D40-9B36-41F9-926E-AD48EE6560F2,o2-poll,7,0,10,5.449,o2-q1
9b76e62edbba6caa69fbfa37d3d2faf8ce0b6b9230292d6487300273610bc6b8c83883c7122db7cb94c4422338e22e08,539B5FC2-0E1C-4D53-8497-EA1F6838D1FF,o2-poll,9,0,10,7.209,o2-q1
9b76e62edbba6caa69fbfa37d3d2faf8ce0b6b9230292d6487300273610bc6b8c83883c7122db7cb94c4422338e22e08,8FD9F1C4-A537-4AF4-9996-31C30F2E94A2,o2-poll,10,0,10,13.595,o2-q1
9b76e62edbba6caa69fbfa37d3d2faf8ce0b6b9230292d6487300273610bc6b8c83883c7122db7cb94c4422338e22e08,8E89AFB0-70DB-4A7E-832F-5CD222B95F8D,o2-poll,10,0,10,14.286,o2-q1
9b76e62edbba6caa69fbfa37d3d2faf8ce0b6b9230292d6487300273610bc6b8c83883c7122db7cb94c4422338e22e08,C319C93C-AF22-45A7-B010-FDD1BC4234D4,o2-poll,10,0,10,14.666,o2-q1
9b76e62edbba6caa69fbfa37d3d2faf8ce0b6b9230292d6487300273610bc6b8c83883c7122db7cb94c4422338e22e08,AEC02919-91AB-435E-AF48-2CD6FE95B998,o2-poll,2,0,10,14.719,o2-q1
9b76e62edbba6caa69fbfa37d3d2faf8ce0b6b9230292d6487300273610bc6b8c83883c7122db7cb94c4422338e22e08,50B5645E-7668-41C0-8CCC-0B0A385B1B5F,o2-poll,9,0,10,17.319,o2-q1
9b76e62edbba6caa69fbfa37d3d2faf8ce0b6b9230292d6487300273610bc6b8c83883c7122db7cb94c4422338e22e08,B2E8FB55-E2B1-4A42-A1B9-9E229AC4FE0E,o2-poll,4,0,10,17.724,o2-q1
9b76e62edbba6caa69fbfa37d3d2faf8ce0b6b9230292d6487300273610bc6b8c83883c7122db7cb94c4422338e22e08,21F601BF-7180-477D-A82D-4C406E7127C9,o2-poll,8,0,10,17.815,o2-q1
9b76e62edbba6caa69fbfa37d3d2faf8ce0b6b9230292d6487300273610bc6b8c83883c7122db7cb94c4422338e22e08,5AC38610-E523-4AD9-8D2D-107AAA8873CF,o2-poll,8,0,10,21.105,o2-q1
9b76e62edbba6caa69fbfa37d3d2faf8ce0b6b9230292d6487300273610bc6b8c83883c7122db7cb94c4422338e22e08,C4705CA8-29AE-488B-9C79-ADD1401E0F0D,o2-poll,8,0,10,21.44,o2-q1
9b76e62edbba6caa69fbfa37d3d2faf8ce0b6b9230292d6487300273610bc6b8c83883c7122db7cb94c4422338e22e08,5E6D883E-9F7C-4685-9E61-9E3996DA298B,o2-poll,8,0,10,25.667,o2-q1
9b76e62edbba6caa69fbfa37d3d2faf8ce0b6b9230292d6487300273610bc6b8c83883c7122db7cb94c4422338e22e08,539B5FC2-0E1C-4D53-8497-EA1F6838D1FF,o3-poll,8,0,10,40.305,o3-q1
9b76e62edbba6caa69fbfa37d3d2faf8ce0b6b9230292d6487300273610bc6b8c83883c7122db7cb94c4422338e22e08,539B5FC2-0E1C-4D53-8497-EA1F6838D1FF,o3-poll,5,0,10,40.305,o3-q3
9b76e62edbba6caa69fbfa37d3d2faf8ce0b6b9230292d6487300273610bc6b8c83883c7122db7cb94c4422338e22e08,539B5FC2-0E1C-4D53-8497-EA1F6838D1FF,o3-poll,6,0,10,40.305,o3-q4
9b76e62edbba6caa69fbfa37d3d2faf8ce0b6b9230292d6487300273610bc6b8c83883c7122db7cb94c4422338e22e08,539B5FC2-0E1C-4D53-8497-EA1F6838D1FF,o3-poll,9,0,10,40.305,o3-q2
9b76e62edbba6caa69fbfa37d3d2faf8ce0b6b9230292d6487300273610bc6b8c83883c7122db7cb94c4422338e22e08,B05A9D40-9B36-41F9-926E-AD48EE6560F2,o3-poll,5,0,10,45.452,o3-q1
9b76e62edbba6caa69fbfa37d3d2faf8ce0b6b9230292d6487300273610bc6b8c83883c7122db7cb94c4422338e22e08,B05A9D40-9B36-41F9-926E-AD48EE6560F2,o3-poll,3,0,10,45.452,o3-q2
9b76e62edbba6caa69fbfa37d3d2faf8ce0b6b9230292d6487300273610bc6b8c83883c7122db7cb94c4422338e22e08,B05A9D40-9B36-41F9-926E-AD48EE6560F2,o3-poll,0,0,10,45.453,o3-q3
9b76e62edbba6caa69fbfa37d3d2faf8ce0b6b9230292d6487300273610bc6b8c83883c7122db7cb94c4422338e22e08,B05A9D40-9B36-41F9-926E-AD48EE6560F2,o3-poll,3,0,10,45.453,o3-q4
9b76e62edbba6caa69fbfa37d3d2faf8ce0b6b9230292d6487300273610bc6b8c83883c7122db7cb94c4422338e22e08,B2E8FB55-E2B1-4A42-A1B9-9E229AC4FE0E,o3-poll,6,0,10,47.664,o3-q1
9b76e62edbba6caa69fbfa37d3d2faf8ce0b6b9230292d6487300273610bc6b8c83883c7122db7cb94c4422338e22e08,B2E8FB55-E2B1-4A42-A1B9-9E229AC4FE0E,o3-poll,8,0,10,47.664,o3-q2
9b76e62edbba6caa69fbfa37d3d2faf8ce0b6b9230292d6487300273610bc6b8c83883c7122db7cb94c4422338e22e08,B2E8FB55-E2B1-4A42-A1B9-9E229AC4FE0E,o3-poll,4,0,10,47.664,o3-q3
9b76e62edbba6caa69fbfa37d3d2faf8ce0b6b9230292d6487300273610bc6b8c83883c7122db7cb94c4422338e22e08,B2E8FB55-E2B1-4A42-A1B9-9E229AC4FE0E,o3-poll,5,0,10,47.664,o3-q4
9b76e62edbba6caa69fbfa37d3d2faf8ce0b6b9230292d6487300273610bc6b8c83883c7122db7cb94c4422338e22e08,50B5645E-7668-41C0-8CCC-0B0A385B1B5F,o3-poll,9,0,10,49.049,o3-q1
9b76e62edbba6caa69fbfa37d3d2faf8ce0b6b9230292d6487300273610bc6b8c83883c7122db7cb94c4422338e22e08,50B5645E-7668-41C0-8CCC-0B0A385B1B5F,o3-poll,10,0,10,49.049,o3-q3
9b76e62edbba6caa69fbfa37d3d2faf8ce0b6b9230292d6487300273610bc6b8c83883c7122db7cb94c4422338e22e08,50B5645E-7668-41C0-8CCC-0B0A385B1B5F,o3-poll,10,0,10,49.049,o3-q4
9b76e62edbba6caa69fbfa37d3d2faf8ce0b6b9230292d6487300273610bc6b8c83883c7122db7cb94c4422338e22e08,50B5645E-7668-41C0-8CCC-0B0A385B1B5F,o3-poll,10,0,10,49.049,o3-q2
9b76e62edbba6caa69fbfa37d3d2faf8ce0b6b9230292d6487300273610bc6b8c83883c7122db7cb94c4422338e22e08,21F601BF-7180-477D-A82D-4C406E7127C9,o3-poll,5,0,10,50.882,o3-q1
9b76e62edbba6caa69fbfa37d3d2faf8ce0b6b9230292d6487300273610bc6b8c83883c7122db7cb94c4422338e22e08,21F601BF-7180-477D-A82D-4C406E7127C9,o3-poll,1,0,10,50.882,o3-q2
9b76e62edbba6caa69fbfa37d3d2faf8ce0b6b9230292d6487300273610bc6b8c83883c7122db7cb94c4422338e22e08,21F601BF-7180-477D-A82D-4C406E7127C9,o3-poll,4,0,10,50.882,o3-q3
9b76e62edbba6caa69fbfa37d3d2faf8ce0b6b9230292d6487300273610bc6b8c83883c7122db7cb94c4422338e22e08,21F601BF-7180-477D-A82D-4C406E7127C9,o3-poll,4,0,10,50.882,o3-q4
9b76e62edbba6caa69fbfa37d3d2faf8ce0b6b9230292d6487300273610bc6b8c83883c7122db7cb94c4422338e22e08,C319C93C-AF22-45A7-B010-FDD1BC4234D4,o3-poll,9,0,10,51.609,o3-q1
9b76e62edbba6caa69fbfa37d3d2faf8ce0b6b9230292d6487300273610bc6b8c83883c7122db7cb94c4422338e22e08,C319C93C-AF22-45A7-B010-FDD1BC4234D4,o3-poll,8,0,10,51.609,o3-q2
9b76e62edbba6caa69fbfa37d3d2faf8ce0b6b9230292d6487300273610bc6b8c83883c7122db7cb94c4422338e22e08,C319C93C-AF22-45A7-B010-FDD1BC4234D4,o3-poll,5,0,10,51.609,o3-q3
9b76e62edbba6caa69fbfa37d3d2faf8ce0b6b9230292d6487300273610bc6b8c83883c7122db7cb94c4422338e22e08,C319C93C-AF22-45A7-B010-FDD1BC4234D4,o3-poll,10,0,10,51.609,o3-q4
9b76e62edbba6caa69fbfa37d3d2faf8ce0b6b9230292d6487300273610bc6b8c83883c7122db7cb94c4422338e22e08,C4705CA8-29AE-488B-9C79-ADD1401E0F0D,o3-poll,9,0,10,55.209,o3-q1
9b76e62edbba6caa69fbfa37d3d2faf8ce0b6b9230292d6487300273610bc6b8c83883c7122db7cb94c4422338e22e08,C4705CA8-29AE-488B-9C79-ADD1401E0F0D,o3-poll,5,0,10,55.209,o3-q3
9b76e62edbba6caa69fbfa37d3d2faf8ce0b6b9230292d6487300273610bc6b8c83883c7122db7cb94c4422338e22e08,C4705CA8-29AE-488B-9C79-ADD1401E0F0D,o3-poll,10,0,10,55.209,o3-q4
9b76e62edbba6caa69fbfa37d3d2faf8ce0b6b9230292d6487300273610bc6b8c83883c7122db7cb94c4422338e22e08,C4705CA8-29AE-488B-9C79-ADD1401E0F0D,o3-poll,10,0,10,55.209,o3-q2
9b76e62edbba6caa69fbfa37d3d2faf8ce0b6b9230292d6487300273610bc6b8c83883c7122db7cb94c4422338e22e08,8E89AFB0-70DB-4A7E-832F-5CD222B95F8D,o3-poll,10,0,10,57.545,o3-q1
9b76e62edbba6caa69fbfa37d3d2faf8ce0b6b9230292d6487300273610bc6b8c83883c7122db7cb94c4422338e22e08,8E89AFB0-70DB-4A7E-832F-5CD222B95F8D,o3-poll,5,0,10,57.545,o3-q3
9b76e62edbba6caa69fbfa37d3d2faf8ce0b6b9230292d6487300273610bc6b8c83883c7122db7cb94c4422338e22e08,8E89AFB0-70DB-4A7E-832F-5CD222B95F8D,o3-poll,8,0,10,57.545,o3-q4
9b76e62edbba6caa69fbfa37d3d2faf8ce0b6b9230292d6487300273610bc6b8c83883c7122db7cb94c4422338e22e08,8E89AFB0-70DB-4A7E-832F-5CD222B95F8D,o3-poll,10,0,10,57.545,o3-q2
9b76e62edbba6caa69fbfa37d3d2faf8ce0b6b9230292d6487300273610bc6b8c83883c7122db7cb94c4422338e22e08,AEC02919-91AB-435E-AF48-2CD6FE95B998,o3-poll,5,0,10,57.854,o3-q1
9b76e62edbba6caa69fbfa37d3d2faf8ce0b6b9230292d6487300273610bc6b8c83883c7122db7cb94c4422338e22e08,AEC02919-91AB-435E-AF48-2CD6FE95B998,o3-poll,7,0,10,57.855,o3-q2
9b76e62edbba6caa69fbfa37d3d2faf8ce0b6b9230292d6487300273610bc6b8c83883c7122db7cb94c4422338e22e08,AEC02919-91AB-435E-AF48-2CD6FE95B998,o3-poll,3,0,10,57.855,o3-q4
9b76e62edbba6caa69fbfa37d3d2faf8ce0b6b9230292d6487300273610bc6b8c83883c7122db7cb94c4422338e22e08,AEC02919-91AB-435E-AF48-2CD6FE95B998,o3-poll,1,0,10,57.855,o3-q3
9b76e62edbba6caa69fbfa37d3d2faf8ce0b6b9230292d6487300273610bc6b8c83883c7122db7cb94c4422338e22e08,5AC38610-E523-4AD9-8D2D-107AAA8873CF,o3-poll,7,0,10,61.235,o3-q1
9b76e62edbba6caa69fbfa37d3d2faf8ce0b6b9230292d6487300273610bc6b8c83883c7122db7cb94c4422338e22e08,5AC38610-E523-4AD9-8D2D-107AAA8873CF,o3-poll,8,0,10,61.235,o3-q2
9b76e62edbba6caa69fbfa37d3d2faf8ce0b6b9230292d6487300273610bc6b8c83883c7122db7cb94c4422338e22e08,5AC38610-E523-4AD9-8D2D-107AAA8873CF,o3-poll,3,0,10,61.235,o3-q3
9b76e62edbba6caa69fbfa37d3d2faf8ce0b6b9230292d6487300273610bc6b8c83883c7122db7cb94c4422338e22e08,5AC38610-E523-4AD9-8D2D-107AAA8873CF,o3-poll,6,0,10,61.235,o3-q4
9b76e62edbba6caa69fbfa37d3d2faf8ce0b6b9230292d6487300273610bc6b8c83883c7122db7cb94c4422338e22e08,5E6D883E-9F7C-4685-9E61-9E3996DA298B,o3-poll,7,0,10,62.233,o3-q1
9b76e62edbba6caa69fbfa37d3d2faf8ce0b6b9230292d6487300273610bc6b8c83883c7122db7cb94c4422338e22e08,5E6D883E-9F7C-4685-9E61-9E3996DA298B,o3-poll,8,0,10,62.233,o3-q2
9b76e62edbba6caa69fbfa37d3d2faf8ce0b6b9230292d6487300273610bc6b8c83883c7122db7cb94c4422338e22e08,5E6D883E-9F7C-4685-9E61-9E3996DA298B,o3-poll,4,0,10,62.233,o3-q3
9b76e62edbba6caa69fbfa37d3d2faf8ce0b6b9230292d6487300273610bc6b8c83883c7122db7cb94c4422338e22e08,5E6D883E-9F7C-4685-9E61-9E3996DA298B,o3-poll,6,0,10,62.233,o3-q4
9b76e62edbba6caa69fbfa37d3d2faf8ce0b6b9230292d6487300273610bc6b8c83883c7122db7cb94c4422338e22e08,8FD9F1C4-A537-4AF4-9996-31C30F2E94A2,o3-poll,10,0,10,64.883,o3-q1
9b76e62edbba6caa69fbfa37d3d2faf8ce0b6b9230292d6487300273610bc6b8c83883c7122db7cb94c4422338e22e08,8FD9F1C4-A537-4AF4-9996-31C30F2E94A2,o3-poll,10,0,10,64.884,o3-q2
9b76e62edbba6caa69fbfa37d3d2faf8ce0b6b9230292d6487300273610bc6b8c83883c7122db7cb94c4422338e22e08,8FD9F1C4-A537-4AF4-9996-31C30F2E94A2,o3-poll,8,0,10,64.884,o3-q3
9b76e62edbba6caa69fbfa37d3d2faf8ce0b6b9230292d6487300273610bc6b8c83883c7122db7cb94c4422338e22e08,8FD9F1C4-A537-4AF4-9996-31C30F2E94A2,o3-poll,8,0,10,64.884,o3-q4
9b76e62edbba6caa69fbfa37d3d2faf8ce0b6b9230292d6487300273610bc6b8c83883c7122db7cb94c4422338e22e08,539B5FC2-0E1C-4D53-8497-EA1F6838D1FF,o4-poll,10,0,10,3.777,o4-q1
9b76e62edbba6caa69fbfa37d3d2faf8ce0b6b9230292d6487300273610bc6b8c83883c7122db7cb94c4422338e22e08,B2E8FB55-E2B1-4A42-A1B9-9E229AC4FE0E,o4-poll,6,0,10,5.187,o4-q1
9b76e62edbba6caa69fbfa37d3d2faf8ce0b6b9230292d6487300273610bc6b8c83883c7122db7cb94c4422338e22e08,8FD9F1C4-A537-4AF4-9996-31C30F2E94A2,o4-poll,10,0,10,6.466,o4-q1
9b76e62edbba6caa69fbfa37d3d2faf8ce0b6b9230292d6487300273610bc6b8c83883c7122db7cb94c4422338e22e08,5AC38610-E523-4AD9-8D2D-107AAA8873CF,o4-poll,8,0,10,7.723,o4-q1
9b76e62edbba6caa69fbfa37d3d2faf8ce0b6b9230292d6487300273610bc6b8c83883c7122db7cb94c4422338e22e08,B05A9D40-9B36-41F9-926E-AD48EE6560F2,o4-poll,10,0,10,9.811,o4-q1
9b76e62edbba6caa69fbfa37d3d2faf8ce0b6b9230292d6487300273610bc6b8c83883c7122db7cb94c4422338e22e08,C319C93C-AF22-45A7-B010-FDD1BC4234D4,o4-poll,10,0,10,10.195,o4-q1
9b76e62edbba6caa69fbfa37d3d2faf8ce0b6b9230292d6487300273610bc6b8c83883c7122db7cb94c4422338e22e08,C4705CA8-29AE-488B-9C79-ADD1401E0F0D,o4-poll,10,0,10,11.41,o4-q1
9b76e62edbba6caa69fbfa37d3d2faf8ce0b6b9230292d6487300273610bc6b8c83883c7122db7cb94c4422338e22e08,50B5645E-7668-41C0-8CCC-0B0A385B1B5F,o4-poll,10,0,10,11.515,o4-q1
9b76e62edbba6caa69fbfa37d3d2faf8ce0b6b9230292d6487300273610bc6b8c83883c7122db7cb94c4422338e22e08,8E89AFB0-70DB-4A7E-832F-5CD222B95F8D,o4-poll,10,0,10,12.064,o4-q1
9b76e62edbba6caa69fbfa37d3d2faf8ce0b6b9230292d6487300273610bc6b8c83883c7122db7cb94c4422338e22e08,5E6D883E-9F7C-4685-9E61-9E3996DA298B,o4-poll,10,0,10,13.982,o4-q1
9b76e62edbba6caa69fbfa37d3d2faf8ce0b6b9230292d6487300273610bc6b8c83883c7122db7cb94c4422338e22e08,AEC02919-91AB-435E-AF48-2CD6FE95B998,o4-poll,6,0,10,14.179,o4-q1
9b76e62edbba6caa69fbfa37d3d2faf8ce0b6b9230292d6487300273610bc6b8c83883c7122db7cb94c4422338e22e08,21F601BF-7180-477D-A82D-4C406E7127C9,o4-poll,4,0,10,24.151,o4-q1
9b76e62edbba6caa69fbfa37d3d2faf8ce0b6b9230292d6487300273610bc6b8c83883c7122db7cb94c4422338e22e08,B2E8FB55-E2B1-4A42-A1B9-9E229AC4FE0E,final-questions,4,1,5,118.021,fq-1-1
9b76e62edbba6caa69fbfa37d3d2faf8ce0b6b9230292d6487300273610bc6b8c83883c7122db7cb94c4422338e22e08,B2E8FB55-E2B1-4A42-A1B9-9E229AC4FE0E,final-questions,3,1,5,118.021,fq-1-5
9b76e62edbba6caa69fbfa37d3d2faf8ce0b6b9230292d6487300273610bc6b8c83883c7122db7cb94c4422338e22e08,B2E8FB55-E2B1-4A42-A1B9-9E229AC4FE0E,final-questions,2,1,5,118.021,fq-1-6
9b76e62edbba6caa69fbfa37d3d2faf8ce0b6b9230292d6487300273610bc6b8c83883c7122db7cb94c4422338e22e08,B2E8FB55-E2B1-4A42-A1B9-9E229AC4FE0E,final-questions,3,1,5,118.021,fq-1-7
9b76e62edbba6caa69fbfa37d3d2faf8ce0b6b9230292d6487300273610bc6b8c83883c7122db7cb94c4422338e22e08,B2E8FB55-E2B1-4A42-A1B9-9E229AC4FE0E,final-questions,3,1,4,118.022,fq-2-1
9b76e62edbba6caa69fbfa37d3d2faf8ce0b6b9230292d6487300273610bc6b8c83883c7122db7cb94c4422338e22e08,B2E8FB55-E2B1-4A42-A1B9-9E229AC4FE0E,final-questions,4,1,4,118.022,fq-2-2
9b76e62edbba6caa69fbfa37d3d2faf8ce0b6b9230292d6487300273610bc6b8c83883c7122db7cb94c4422338e22e08,B2E8FB55-E2B1-4A42-A1B9-9E229AC4FE0E,final-questions,2,1,4,118.022,fq-2-3
9b76e62edbba6caa69fbfa37d3d2faf8ce0b6b9230292d6487300273610bc6b8c83883c7122db7cb94c4422338e22e08,B2E8FB55-E2B1-4A42-A1B9-9E229AC4FE0E,final-questions,2,1,4,118.022,fq-2-4
9b76e62edbba6caa69fbfa37d3d2faf8ce0b6b9230292d6487300273610bc6b8c83883c7122db7cb94c4422338e22e08,B2E8FB55-E2B1-4A42-A1B9-9E229AC4FE0E,final-questions,2,1,4,118.022,fq-3-1
9b76e62edbba6caa69fbfa37d3d2faf8ce0b6b9230292d6487300273610bc6b8c83883c7122db7cb94c4422338e22e08,B2E8FB55-E2B1-4A42-A1B9-9E229AC4FE0E,final-questions,3,1,4,118.022,fq-3-2
9b76e62edbba6caa69fbfa37d3d2faf8ce0b6b9230292d6487300273610bc6b8c83883c7122db7cb94c4422338e22e08,B2E8FB55-E2B1-4A42-A1B9-9E229AC4FE0E,final-questions,3,1,4,118.022,fq-3-3
9b76e62edbba6caa69fbfa37d3d2faf8ce0b6b9230292d6487300273610bc6b8c83883c7122db7cb94c4422338e22e08,B2E8FB55-E2B1-4A42-A1B9-9E229AC4FE0E,final-questions,3,1,4,118.022,fq-3-4
9b76e62edbba6caa69fbfa37d3d2faf8ce0b6b9230292d6487300273610bc6b8c83883c7122db7cb94c4422338e22e08,B2E8FB55-E2B1-4A42-A1B9-9E229AC4FE0E,final-questions,3,0,6,118.023,fq-4-1
9b76e62edbba6caa69fbfa37d3d2faf8ce0b6b9230292d6487300273610bc6b8c83883c7122db7cb94c4422338e22e08,B2E8FB55-E2B1-4A42-A1B9-9E229AC4FE0E,final-questions,4,0,6,118.023,fq-4-2
9b76e62edbba6caa69fbfa37d3d2faf8ce0b6b9230292d6487300273610bc6b8c83883c7122db7cb94c4422338e22e08,B2E8FB55-E2B1-4A42-A1B9-9E229AC4FE0E,final-questions,4,0,6,118.023,fq-4-3
9b76e62edbba6caa69fbfa37d3d2faf8ce0b6b9230292d6487300273610bc6b8c83883c7122db7cb94c4422338e22e08,B2E8FB55-E2B1-4A42-A1B9-9E229AC4FE0E,final-questions,4,1,7,118.023,fq-5-1
9b76e62edbba6caa69fbfa37d3d2faf8ce0b6b9230292d6487300273610bc6b8c83883c7122db7cb94c4422338e22e08,B2E8FB55-E2B1-4A42-A1B9-9E229AC4FE0E,final-questions,4,1,7,118.023,fq-5-2
9b76e62edbba6caa69fbfa37d3d2faf8ce0b6b9230292d6487300273610bc6b8c83883c7122db7cb94c4422338e22e08,B2E8FB55-E2B1-4A42-A1B9-9E229AC4FE0E,final-questions,4,1,5,118.023,fq-5-3
9b76e62edbba6caa69fbfa37d3d2faf8ce0b6b9230292d6487300273610bc6b8c83883c7122db7cb94c4422338e22e08,B2E8FB55-E2B1-4A42-A1B9-9E229AC4FE0E,final-questions,4,1,5,118.023,fq-5-4
9b76e62edbba6caa69fbfa37d3d2faf8ce0b6b9230292d6487300273610bc6b8c83883c7122db7cb94c4422338e22e08,B2E8FB55-E2B1-4A42-A1B9-9E229AC4FE0E,final-questions,3,1,5,118.023,fq-6-1
9b76e62edbba6caa69fbfa37d3d2faf8ce0b6b9230292d6487300273610bc6b8c83883c7122db7cb94c4422338e22e08,B2E8FB55-E2B1-4A42-A1B9-9E229AC4FE0E,final-questions,3,1,5,118.023,fq-6-2
9b76e62edbba6caa69fbfa37d3d2faf8ce0b6b9230292d6487300273610bc6b8c83883c7122db7cb94c4422338e22e08,B2E8FB55-E2B1-4A42-A1B9-9E229AC4FE0E,final-questions,3,1,5,118.023,fq-6-3
9b76e62edbba6caa69fbfa37d3d2faf8ce0b6b9230292d6487300273610bc6b8c83883c7122db7cb94c4422338e22e08,B2E8FB55-E2B1-4A42-A1B9-9E229AC4FE0E,final-questions,2,1,5,118.021,fq-1-4
9b76e62edbba6caa69fbfa37d3d2faf8ce0b6b9230292d6487300273610bc6b8c83883c7122db7cb94c4422338e22e08,B2E8FB55-E2B1-4A42-A1B9-9E229AC4FE0E,final-questions,4,1,5,118.021,fq-1-2
9b76e62edbba6caa69fbfa37d3d2faf8ce0b6b9230292d6487300273610bc6b8c83883c7122db7cb94c4422338e22e08,B2E8FB55-E2B1-4A42-A1B9-9E229AC4FE0E,final-questions,3,1,5,118.021,fq-1-3
9b76e62edbba6caa69fbfa37d3d2faf8ce0b6b9230292d6487300273610bc6b8c83883c7122db7cb94c4422338e22e08,B05A9D40-9B36-41F9-926E-AD48EE6560F2,final-questions,5,1,5,161.009,fq-1-1
9b76e62edbba6caa69fbfa37d3d2faf8ce0b6b9230292d6487300273610bc6b8c83883c7122db7cb94c4422338e22e08,B05A9D40-9B36-41F9-926E-AD48EE6560F2,final-questions,5,1,5,161.01,fq-1-2
9b76e62edbba6caa69fbfa37d3d2faf8ce0b6b9230292d6487300273610bc6b8c83883c7122db7cb94c4422338e22e08,B05A9D40-9B36-41F9-926E-AD48EE6560F2,final-questions,5,1,5,161.011,fq-1-5
9b76e62edbba6caa69fbfa37d3d2faf8ce0b6b9230292d6487300273610bc6b8c83883c7122db7cb94c4422338e22e08,B05A9D40-9B36-41F9-926E-AD48EE6560F2,final-questions,2,1,5,161.01,fq-1-4
9b76e62edbba6caa69fbfa37d3d2faf8ce0b6b9230292d6487300273610bc6b8c83883c7122db7cb94c4422338e22e08,B05A9D40-9B36-41F9-926E-AD48EE6560F2,final-questions,2,1,5,161.01,fq-1-3
9b76e62edbba6caa69fbfa37d3d2faf8ce0b6b9230292d6487300273610bc6b8c83883c7122db7cb94c4422338e22e08,B05A9D40-9B36-41F9-926E-AD48EE6560F2,final-questions,1,1,5,161.011,fq-1-6
9b76e62edbba6caa69fbfa37d3d2faf8ce0b6b9230292d6487300273610bc6b8c83883c7122db7cb94c4422338e22e08,B05A9D40-9B36-41F9-926E-AD48EE6560F2,final-questions,3,1,4,161.011,fq-2-4
9b76e62edbba6caa69fbfa37d3d2faf8ce0b6b9230292d6487300273610bc6b8c83883c7122db7cb94c4422338e22e08,B05A9D40-9B36-41F9-926E-AD48EE6560F2,final-questions,1,1,4,161.011,fq-3-1
9b76e62edbba6caa69fbfa37d3d2faf8ce0b6b9230292d6487300273610bc6b8c83883c7122db7cb94c4422338e22e08,B05A9D40-9B36-41F9-926E-AD48EE6560F2,final-questions,3,1,4,161.011,fq-2-1
9b76e62edbba6caa69fbfa37d3d2faf8ce0b6b9230292d6487300273610bc6b8c83883c7122db7cb94c4422338e22e08,B05A9D40-9B36-41F9-926E-AD48EE6560F2,final-questions,4,0,6,161.012,fq-4-1
9b76e62edbba6caa69fbfa37d3d2faf8ce0b6b9230292d6487300273610bc6b8c83883c7122db7cb94c4422338e22e08,B05A9D40-9B36-41F9-926E-AD48EE6560F2,final-questions,6,0,6,161.012,fq-4-2
9b76e62edbba6caa69fbfa37d3d2faf8ce0b6b9230292d6487300273610bc6b8c83883c7122db7cb94c4422338e22e08,B05A9D40-9B36-41F9-926E-AD48EE6560F2,final-questions,6,0,6,161.012,fq-4-3
9b76e62edbba6caa69fbfa37d3d2faf8ce0b6b9230292d6487300273610bc6b8c83883c7122db7cb94c4422338e22e08,B05A9D40-9B36-41F9-926E-AD48EE6560F2,final-questions,4,1,7,161.012,fq-5-1
9b76e62edbba6caa69fbfa37d3d2faf8ce0b6b9230292d6487300273610bc6b8c83883c7122db7cb94c4422338e22e08,B05A9D40-9B36-41F9-926E-AD48EE6560F2,final-questions,2,1,7,161.012,fq-5-2
9b76e62edbba6caa69fbfa37d3d2faf8ce0b6b9230292d6487300273610bc6b8c83883c7122db7cb94c4422338e22e08,B05A9D40-9B36-41F9-926E-AD48EE6560F2,final-questions,5,1,5,161.012,fq-5-3
9b76e62edbba6caa69fbfa37d3d2faf8ce0b6b9230292d6487300273610bc6b8c83883c7122db7cb94c4422338e22e08,B05A9D40-9B36-41F9-926E-AD48EE6560F2,final-questions,5,1,5,161.012,fq-5-4
9b76e62edbba6caa69fbfa37d3d2faf8ce0b6b9230292d6487300273610bc6b8c83883c7122db7cb94c4422338e22e08,B05A9D40-9B36-41F9-926E-AD48EE6560F2,final-questions,5,1,5,161.012,fq-6-1
9b76e62edbba6caa69fbfa37d3d2faf8ce0b6b9230292d6487300273610bc6b8c83883c7122db7cb94c4422338e22e08,B05A9D40-9B36-41F9-926E-AD48EE6560F2,final-questions,3,1,4,161.012,fq-3-4
9b76e62edbba6caa69fbfa37d3d2faf8ce0b6b9230292d6487300273610bc6b8c83883c7122db7cb94c4422338e22e08,B05A9D40-9B36-41F9-926E-AD48EE6560F2,final-questions,3,1,4,161.011,fq-3-2
9b76e62edbba6caa69fbfa37d3d2faf8ce0b6b9230292d6487300273610bc6b8c83883c7122db7cb94c4422338e22e08,B05A9D40-9B36-41F9-926E-AD48EE6560F2,final-questions,2,1,4,161.012,fq-3-3
9b76e62edbba6caa69fbfa37d3d2faf8ce0b6b9230292d6487300273610bc6b8c83883c7122db7cb94c4422338e22e08,B05A9D40-9B36-41F9-926E-AD48EE6560F2,final-questions,2,1,5,161.012,fq-6-2
9b76e62edbba6caa69fbfa37d3d2faf8ce0b6b9230292d6487300273610bc6b8c83883c7122db7cb94c4422338e22e08,B05A9D40-9B36-41F9-926E-AD48EE6560F2,final-questions,5,1,5,161.012,fq-6-3
9b76e62edbba6caa69fbfa37d3d2faf8ce0b6b9230292d6487300273610bc6b8c83883c7122db7cb94c4422338e22e08,B05A9D40-9B36-41F9-926E-AD48EE6560F2,final-questions,1,1,4,161.011,fq-2-3
9b76e62edbba6caa69fbfa37d3d2faf8ce0b6b9230292d6487300273610bc6b8c83883c7122db7cb94c4422338e22e08,B05A9D40-9B36-41F9-926E-AD48EE6560F2,final-questions,4,1,5,161.011,fq-1-7
9b76e62edbba6caa69fbfa37d3d2faf8ce0b6b9230292d6487300273610bc6b8c83883c7122db7cb94c4422338e22e08,B05A9D40-9B36-41F9-926E-AD48EE6560F2,final-questions,4,1,4,161.011,fq-2-2
9b76e62edbba6caa69fbfa37d3d2faf8ce0b6b9230292d6487300273610bc6b8c83883c7122db7cb94c4422338e22e08,539B5FC2-0E1C-4D53-8497-EA1F6838D1FF,final-questions,4,1,5,174.004,fq-1-1
9b76e62edbba6caa69fbfa37d3d2faf8ce0b6b9230292d6487300273610bc6b8c83883c7122db7cb94c4422338e22e08,539B5FC2-0E1C-4D53-8497-EA1F6838D1FF,final-questions,4,1,5,174.004,fq-1-5
9b76e62edbba6caa69fbfa37d3d2faf8ce0b6b9230292d6487300273610bc6b8c83883c7122db7cb94c4422338e22e08,539B5FC2-0E1C-4D53-8497-EA1F6838D1FF,final-questions,2,1,5,174.004,fq-1-3
9b76e62edbba6caa69fbfa37d3d2faf8ce0b6b9230292d6487300273610bc6b8c83883c7122db7cb94c4422338e22e08,539B5FC2-0E1C-4D53-8497-EA1F6838D1FF,final-questions,3,1,5,174.004,fq-1-7
9b76e62edbba6caa69fbfa37d3d2faf8ce0b6b9230292d6487300273610bc6b8c83883c7122db7cb94c4422338e22e08,539B5FC2-0E1C-4D53-8497-EA1F6838D1FF,final-questions,3,1,4,174.004,fq-2-1
9b76e62edbba6caa69fbfa37d3d2faf8ce0b6b9230292d6487300273610bc6b8c83883c7122db7cb94c4422338e22e08,539B5FC2-0E1C-4D53-8497-EA1F6838D1FF,final-questions,2,1,4,174.004,fq-2-2
9b76e62edbba6caa69fbfa37d3d2faf8ce0b6b9230292d6487300273610bc6b8c83883c7122db7cb94c4422338e22e08,539B5FC2-0E1C-4D53-8497-EA1F6838D1FF,final-questions,1,1,5,174.004,fq-1-6
9b76e62edbba6caa69fbfa37d3d2faf8ce0b6b9230292d6487300273610bc6b8c83883c7122db7cb94c4422338e22e08,539B5FC2-0E1C-4D53-8497-EA1F6838D1FF,final-questions,3,1,4,174.005,fq-2-4
9b76e62edbba6caa69fbfa37d3d2faf8ce0b6b9230292d6487300273610bc6b8c83883c7122db7cb94c4422338e22e08,539B5FC2-0E1C-4D53-8497-EA1F6838D1FF,final-questions,4,1,4,174.005,fq-3-1
9b76e62edbba6caa69fbfa37d3d2faf8ce0b6b9230292d6487300273610bc6b8c83883c7122db7cb94c4422338e22e08,539B5FC2-0E1C-4D53-8497-EA1F6838D1FF,final-questions,4,1,4,174.005,fq-3-2
9b76e62edbba6caa69fbfa37d3d2faf8ce0b6b9230292d6487300273610bc6b8c83883c7122db7cb94c4422338e22e08,539B5FC2-0E1C-4D53-8497-EA1F6838D1FF,final-questions,4,1,4,174.005,fq-3-3
9b76e62edbba6caa69fbfa37d3d2faf8ce0b6b9230292d6487300273610bc6b8c83883c7122db7cb94c4422338e22e08,539B5FC2-0E1C-4D53-8497-EA1F6838D1FF,final-questions,3,1,4,174.005,fq-3-4
9b76e62edbba6caa69fbfa37d3d2faf8ce0b6b9230292d6487300273610bc6b8c83883c7122db7cb94c4422338e22e08,539B5FC2-0E1C-4D53-8497-EA1F6838D1FF,final-questions,5,0,6,174.005,fq-4-1
9b76e62edbba6caa69fbfa37d3d2faf8ce0b6b9230292d6487300273610bc6b8c83883c7122db7cb94c4422338e22e08,539B5FC2-0E1C-4D53-8497-EA1F6838D1FF,final-questions,6,0,6,174.005,fq-4-2
9b76e62edbba6caa69fbfa37d3d2faf8ce0b6b9230292d6487300273610bc6b8c83883c7122db7cb94c4422338e22e08,539B5FC2-0E1C-4D53-8497-EA1F6838D1FF,final-questions,6,0,6,174.005,fq-4-3
9b76e62edbba6caa69fbfa37d3d2faf8ce0b6b9230292d6487300273610bc6b8c83883c7122db7cb94c4422338e22e08,539B5FC2-0E1C-4D53-8497-EA1F6838D1FF,final-questions,3,1,7,174.005,fq-5-1
9b76e62edbba6caa69fbfa37d3d2faf8ce0b6b9230292d6487300273610bc6b8c83883c7122db7cb94c4422338e22e08,539B5FC2-0E1C-4D53-8497-EA1F6838D1FF,final-questions,4,1,7,174.005,fq-5-2
9b76e62edbba6caa69fbfa37d3d2faf8ce0b6b9230292d6487300273610bc6b8c83883c7122db7cb94c4422338e22e08,539B5FC2-0E1C-4D53-8497-EA1F6838D1FF,final-questions,2,1,5,174.005,fq-5-3
9b76e62edbba6caa69fbfa37d3d2faf8ce0b6b9230292d6487300273610bc6b8c83883c7122db7cb94c4422338e22e08,539B5FC2-0E1C-4D53-8497-EA1F6838D1FF,final-questions,1,1,5,174.005,fq-5-4
9b76e62edbba6caa69fbfa37d3d2faf8ce0b6b9230292d6487300273610bc6b8c83883c7122db7cb94c4422338e22e08,539B5FC2-0E1C-4D53-8497-EA1F6838D1FF,final-questions,2,1,5,174.005,fq-6-1
9b76e62edbba6caa69fbfa37d3d2faf8ce0b6b9230292d6487300273610bc6b8c83883c7122db7cb94c4422338e22e08,539B5FC2-0E1C-4D53-8497-EA1F6838D1FF,final-questions,2,1,5,174.005,fq-6-2
9b76e62edbba6caa69fbfa37d3d2faf8ce0b6b9230292d6487300273610bc6b8c83883c7122db7cb94c4422338e22e08,539B5FC2-0E1C-4D53-8497-EA1F6838D1FF,final-questions,5,1,5,174.005,fq-6-3
9b76e62edbba6caa69fbfa37d3d2faf8ce0b6b9230292d6487300273610bc6b8c83883c7122db7cb94c4422338e22e08,539B5FC2-0E1C-4D53-8497-EA1F6838D1FF,final-questions,5,1,5,174.004,fq-1-4
9b76e62edbba6caa69fbfa37d3d2faf8ce0b6b9230292d6487300273610bc6b8c83883c7122db7cb94c4422338e22e08,539B5FC2-0E1C-4D53-8497-EA1F6838D1FF,final-questions,4,1,5,174.004,fq-1-2
9b76e62edbba6caa69fbfa37d3d2faf8ce0b6b9230292d6487300273610bc6b8c83883c7122db7cb94c4422338e22e08,539B5FC2-0E1C-4D53-8497-EA1F6838D1FF,final-questions,1,1,4,174.004,fq-2-3
9b76e62edbba6caa69fbfa37d3d2faf8ce0b6b9230292d6487300273610bc6b8c83883c7122db7cb94c4422338e22e08,AEC02919-91AB-435E-AF48-2CD6FE95B998,final-questions,4,1,5,185.615,fq-1-1
9b76e62edbba6caa69fbfa37d3d2faf8ce0b6b9230292d6487300273610bc6b8c83883c7122db7cb94c4422338e22e08,AEC02919-91AB-435E-AF48-2CD6FE95B998,final-questions,4,1,5,185.616,fq-1-2
9b76e62edbba6caa69fbfa37d3d2faf8ce0b6b9230292d6487300273610bc6b8c83883c7122db7cb94c4422338e22e08,AEC02919-91AB-435E-AF48-2CD6FE95B998,final-questions,4,1,5,185.616,fq-1-3
9b76e62edbba6caa69fbfa37d3d2faf8ce0b6b9230292d6487300273610bc6b8c83883c7122db7cb94c4422338e22e08,AEC02919-91AB-435E-AF48-2CD6FE95B998,final-questions,1,1,5,185.616,fq-1-7
9b76e62edbba6caa69fbfa37d3d2faf8ce0b6b9230292d6487300273610bc6b8c83883c7122db7cb94c4422338e22e08,AEC02919-91AB-435E-AF48-2CD6FE95B998,final-questions,3,1,4,185.616,fq-2-1
9b76e62edbba6caa69fbfa37d3d2faf8ce0b6b9230292d6487300273610bc6b8c83883c7122db7cb94c4422338e22e08,AEC02919-91AB-435E-AF48-2CD6FE95B998,final-questions,4,1,4,185.616,fq-2-2
9b76e62edbba6caa69fbfa37d3d2faf8ce0b6b9230292d6487300273610bc6b8c83883c7122db7cb94c4422338e22e08,AEC02919-91AB-435E-AF48-2CD6FE95B998,final-questions,2,1,4,185.616,fq-2-3
9b76e62edbba6caa69fbfa37d3d2faf8ce0b6b9230292d6487300273610bc6b8c83883c7122db7cb94c4422338e22e08,AEC02919-91AB-435E-AF48-2CD6FE95B998,final-questions,4,1,4,185.616,fq-2-4
9b76e62edbba6caa69fbfa37d3d2faf8ce0b6b9230292d6487300273610bc6b8c83883c7122db7cb94c4422338e22e08,AEC02919-91AB-435E-AF48-2CD6FE95B998,final-questions,2,1,4,185.616,fq-3-1
9b76e62edbba6caa69fbfa37d3d2faf8ce0b6b9230292d6487300273610bc6b8c83883c7122db7cb94c4422338e22e08,AEC02919-91AB-435E-AF48-2CD6FE95B998,final-questions,4,1,4,185.616,fq-3-2
9b76e62edbba6caa69fbfa37d3d2faf8ce0b6b9230292d6487300273610bc6b8c83883c7122db7cb94c4422338e22e08,AEC02919-91AB-435E-AF48-2CD6FE95B998,final-questions,2,1,4,185.616,fq-3-3
9b76e62edbba6caa69fbfa37d3d2faf8ce0b6b9230292d6487300273610bc6b8c83883c7122db7cb94c4422338e22e08,AEC02919-91AB-435E-AF48-2CD6FE95B998,final-questions,4,1,4,185.616,fq-3-4
9b76e62edbba6caa69fbfa37d3d2faf8ce0b6b9230292d6487300273610bc6b8c83883c7122db7cb94c4422338e22e08,AEC02919-91AB-435E-AF48-2CD6FE95B998,final-questions,4,0,6,185.617,fq-4-1
9b76e62edbba6caa69fbfa37d3d2faf8ce0b6b9230292d6487300273610bc6b8c83883c7122db7cb94c4422338e22e08,AEC02919-91AB-435E-AF48-2CD6FE95B998,final-questions,4,0,6,185.617,fq-4-2
9b76e62edbba6caa69fbfa37d3d2faf8ce0b6b9230292d6487300273610bc6b8c83883c7122db7cb94c4422338e22e08,AEC02919-91AB-435E-AF48-2CD6FE95B998,final-questions,4,0,6,185.617,fq-4-3
9b76e62edbba6caa69fbfa37d3d2faf8ce0b6b9230292d6487300273610bc6b8c83883c7122db7cb94c4422338e22e08,AEC02919-91AB-435E-AF48-2CD6FE95B998,final-questions,6,1,7,185.617,fq-5-1
9b76e62edbba6caa69fbfa37d3d2faf8ce0b6b9230292d6487300273610bc6b8c83883c7122db7cb94c4422338e22e08,AEC02919-91AB-435E-AF48-2CD6FE95B998,final-questions,6,1,7,185.617,fq-5-2
9b76e62edbba6caa69fbfa37d3d2faf8ce0b6b9230292d6487300273610bc6b8c83883c7122db7cb94c4422338e22e08,AEC02919-91AB-435E-AF48-2CD6FE95B998,final-questions,4,1,5,185.617,fq-5-3
9b76e62edbba6caa69fbfa37d3d2faf8ce0b6b9230292d6487300273610bc6b8c83883c7122db7cb94c4422338e22e08,AEC02919-91AB-435E-AF48-2CD6FE95B998,final-questions,4,1,5,185.617,fq-5-4
9b76e62edbba6caa69fbfa37d3d2faf8ce0b6b9230292d6487300273610bc6b8c83883c7122db7cb94c4422338e22e08,AEC02919-91AB-435E-AF48-2CD6FE95B998,final-questions,4,1,5,185.617,fq-6-1
9b76e62edbba6caa69fbfa37d3d2faf8ce0b6b9230292d6487300273610bc6b8c83883c7122db7cb94c4422338e22e08,AEC02919-91AB-435E-AF48-2CD6FE95B998,final-questions,3,1,5,185.617,fq-6-2
9b76e62edbba6caa69fbfa37d3d2faf8ce0b6b9230292d6487300273610bc6b8c83883c7122db7cb94c4422338e22e08,AEC02919-91AB-435E-AF48-2CD6FE95B998,final-questions,3,1,5,185.617,fq-6-3
9b76e62edbba6caa69fbfa37d3d2faf8ce0b6b9230292d6487300273610bc6b8c83883c7122db7cb94c4422338e22e08,AEC02919-91AB-435E-AF48-2CD6FE95B998,final-questions,2,1,5,185.616,fq-1-5
9b76e62edbba6caa69fbfa37d3d2faf8ce0b6b9230292d6487300273610bc6b8c83883c7122db7cb94c4422338e22e08,AEC02919-91AB-435E-AF48-2CD6FE95B998,final-questions,1,1,5,185.616,fq-1-6
9b76e62edbba6caa69fbfa37d3d2faf8ce0b6b9230292d6487300273610bc6b8c83883c7122db7cb94c4422338e22e08,AEC02919-91AB-435E-AF48-2CD6FE95B998,final-questions,1,1,5,185.616,fq-1-4
9b76e62edbba6caa69fbfa37d3d2faf8ce0b6b9230292d6487300273610bc6b8c83883c7122db7cb94c4422338e22e08,C319C93C-AF22-45A7-B010-FDD1BC4234D4,final-questions,5,1,5,228.457,fq-1-1
9b76e62edbba6caa69fbfa37d3d2faf8ce0b6b9230292d6487300273610bc6b8c83883c7122db7cb94c4422338e22e08,C319C93C-AF22-45A7-B010-FDD1BC4234D4,final-questions,3,1,5,228.458,fq-1-2
9b76e62edbba6caa69fbfa37d3d2faf8ce0b6b9230292d6487300273610bc6b8c83883c7122db7cb94c4422338e22e08,C319C93C-AF22-45A7-B010-FDD1BC4234D4,final-questions,3,1,5,228.458,fq-1-3
9b76e62edbba6caa69fbfa37d3d2faf8ce0b6b9230292d6487300273610bc6b8c83883c7122db7cb94c4422338e22e08,C319C93C-AF22-45A7-B010-FDD1BC4234D4,final-questions,4,1,5,228.458,fq-1-7
9b76e62edbba6caa69fbfa37d3d2faf8ce0b6b9230292d6487300273610bc6b8c83883c7122db7cb94c4422338e22e08,C319C93C-AF22-45A7-B010-FDD1BC4234D4,final-questions,3,1,4,228.458,fq-2-1
9b76e62edbba6caa69fbfa37d3d2faf8ce0b6b9230292d6487300273610bc6b8c83883c7122db7cb94c4422338e22e08,C319C93C-AF22-45A7-B010-FDD1BC4234D4,final-questions,3,1,4,228.458,fq-2-2
9b76e62edbba6caa69fbfa37d3d2faf8ce0b6b9230292d6487300273610bc6b8c83883c7122db7cb94c4422338e22e08,C319C93C-AF22-45A7-B010-FDD1BC4234D4,final-questions,1,1,4,228.458,fq-2-3
9b76e62edbba6caa69fbfa37d3d2faf8ce0b6b9230292d6487300273610bc6b8c83883c7122db7cb94c4422338e22e08,C319C93C-AF22-45A7-B010-FDD1BC4234D4,final-questions,3,1,4,228.458,fq-2-4
9b76e62edbba6caa69fbfa37d3d2faf8ce0b6b9230292d6487300273610bc6b8c83883c7122db7cb94c4422338e22e08,C319C93C-AF22-45A7-B010-FDD1BC4234D4,final-questions,2,1,4,228.458,fq-3-1
9b76e62edbba6caa69fbfa37d3d2faf8ce0b6b9230292d6487300273610bc6b8c83883c7122db7cb94c4422338e22e08,C319C93C-AF22-45A7-B010-FDD1BC4234D4,final-questions,3,1,4,228.458,fq-3-2
9b76e62edbba6caa69fbfa37d3d2faf8ce0b6b9230292d6487300273610bc6b8c83883c7122db7cb94c4422338e22e08,C319C93C-AF22-45A7-B010-FDD1BC4234D4,final-questions,4,1,4,228.458,fq-3-3
9b76e62edbba6caa69fbfa37d3d2faf8ce0b6b9230292d6487300273610bc6b8c83883c7122db7cb94c4422338e22e08,C319C93C-AF22-45A7-B010-FDD1BC4234D4,final-questions,2,1,5,228.458,fq-1-6
9b76e62edbba6caa69fbfa37d3d2faf8ce0b6b9230292d6487300273610bc6b8c83883c7122db7cb94c4422338e22e08,C319C93C-AF22-45A7-B010-FDD1BC4234D4,final-questions,3,1,5,228.458,fq-1-5
9b76e62edbba6caa69fbfa37d3d2faf8ce0b6b9230292d6487300273610bc6b8c83883c7122db7cb94c4422338e22e08,C319C93C-AF22-45A7-B010-FDD1BC4234D4,final-questions,4,1,5,228.458,fq-1-4
9b76e62edbba6caa69fbfa37d3d2faf8ce0b6b9230292d6487300273610bc6b8c83883c7122db7cb94c4422338e22e08,C319C93C-AF22-45A7-B010-FDD1BC4234D4,final-questions,3,1,4,228.458,fq-3-4
9b76e62edbba6caa69fbfa37d3d2faf8ce0b6b9230292d6487300273610bc6b8c83883c7122db7cb94c4422338e22e08,C319C93C-AF22-45A7-B010-FDD1BC4234D4,final-questions,6,1,7,228.459,fq-5-1
9b76e62edbba6caa69fbfa37d3d2faf8ce0b6b9230292d6487300273610bc6b8c83883c7122db7cb94c4422338e22e08,C319C93C-AF22-45A7-B010-FDD1BC4234D4,final-questions,5,1,7,228.459,fq-5-2
9b76e62edbba6caa69fbfa37d3d2faf8ce0b6b9230292d6487300273610bc6b8c83883c7122db7cb94c4422338e22e08,C319C93C-AF22-45A7-B010-FDD1BC4234D4,final-questions,4,1,5,228.459,fq-5-3
9b76e62edbba6caa69fbfa37d3d2faf8ce0b6b9230292d6487300273610bc6b8c83883c7122db7cb94c4422338e22e08,C319C93C-AF22-45A7-B010-FDD1BC4234D4,final-questions,6,0,6,228.459,fq-4-3
9b76e62edbba6caa69fbfa37d3d2faf8ce0b6b9230292d6487300273610bc6b8c83883c7122db7cb94c4422338e22e08,C319C93C-AF22-45A7-B010-FDD1BC4234D4,final-questions,3,0,6,228.458,fq-4-1
9b76e62edbba6caa69fbfa37d3d2faf8ce0b6b9230292d6487300273610bc6b8c83883c7122db7cb94c4422338e22e08,C319C93C-AF22-45A7-B010-FDD1BC4234D4,final-questions,4,1,5,228.459,fq-6-3
9b76e62edbba6caa69fbfa37d3d2faf8ce0b6b9230292d6487300273610bc6b8c83883c7122db7cb94c4422338e22e08,C319C93C-AF22-45A7-B010-FDD1BC4234D4,final-questions,4,1,5,228.459,fq-5-4
9b76e62edbba6caa69fbfa37d3d2faf8ce0b6b9230292d6487300273610bc6b8c83883c7122db7cb94c4422338e22e08,C319C93C-AF22-45A7-B010-FDD1BC4234D4,final-questions,3,0,6,228.458,fq-4-2
9b76e62edbba6caa69fbfa37d3d2faf8ce0b6b9230292d6487300273610bc6b8c83883c7122db7cb94c4422338e22e08,C319C93C-AF22-45A7-B010-FDD1BC4234D4,final-questions,4,1,5,228.459,fq-6-1
9b76e62edbba6caa69fbfa37d3d2faf8ce0b6b9230292d6487300273610bc6b8c83883c7122db7cb94c4422338e22e08,C319C93C-AF22-45A7-B010-FDD1BC4234D4,final-questions,4,1,5,228.459,fq-6-2
9b76e62edbba6caa69fbfa37d3d2faf8ce0b6b9230292d6487300273610bc6b8c83883c7122db7cb94c4422338e22e08,21F601BF-7180-477D-A82D-4C406E7127C9,final-questions,5,1,5,247.359,fq-1-1
9b76e62edbba6caa69fbfa37d3d2faf8ce0b6b9230292d6487300273610bc6b8c83883c7122db7cb94c4422338e22e08,21F601BF-7180-477D-A82D-4C406E7127C9,final-questions,5,1,5,247.36,fq-1-2
9b76e62edbba6caa69fbfa37d3d2faf8ce0b6b9230292d6487300273610bc6b8c83883c7122db7cb94c4422338e22e08,21F601BF-7180-477D-A82D-4C406E7127C9,final-questions,2,1,5,247.36,fq-1-3
9b76e62edbba6caa69fbfa37d3d2faf8ce0b6b9230292d6487300273610bc6b8c83883c7122db7cb94c4422338e22e08,21F601BF-7180-477D-A82D-4C406E7127C9,final-questions,3,1,5,247.36,fq-1-6
9b76e62edbba6caa69fbfa37d3d2faf8ce0b6b9230292d6487300273610bc6b8c83883c7122db7cb94c4422338e22e08,21F601BF-7180-477D-A82D-4C406E7127C9,final-questions,2,1,4,247.36,fq-2-3
9b76e62edbba6caa69fbfa37d3d2faf8ce0b6b9230292d6487300273610bc6b8c83883c7122db7cb94c4422338e22e08,21F601BF-7180-477D-A82D-4C406E7127C9,final-questions,4,1,4,247.361,fq-2-4
9b76e62edbba6caa69fbfa37d3d2faf8ce0b6b9230292d6487300273610bc6b8c83883c7122db7cb94c4422338e22e08,21F601BF-7180-477D-A82D-4C406E7127C9,final-questions,4,1,4,247.361,fq-3-1
9b76e62edbba6caa69fbfa37d3d2faf8ce0b6b9230292d6487300273610bc6b8c83883c7122db7cb94c4422338e22e08,21F601BF-7180-477D-A82D-4C406E7127C9,final-questions,4,1,4,247.361,fq-3-2
9b76e62edbba6caa69fbfa37d3d2faf8ce0b6b9230292d6487300273610bc6b8c83883c7122db7cb94c4422338e22e08,21F601BF-7180-477D-A82D-4C406E7127C9,final-questions,3,1,4,247.361,fq-3-3
9b76e62edbba6caa69fbfa37d3d2faf8ce0b6b9230292d6487300273610bc6b8c83883c7122db7cb94c4422338e22e08,21F601BF-7180-477D-A82D-4C406E7127C9,final-questions,4,1,4,247.361,fq-3-4
9b76e62edbba6caa69fbfa37d3d2faf8ce0b6b9230292d6487300273610bc6b8c83883c7122db7cb94c4422338e22e08,21F601BF-7180-477D-A82D-4C406E7127C9,final-questions,3,1,4,247.36,fq-2-2
9b76e62edbba6caa69fbfa37d3d2faf8ce0b6b9230292d6487300273610bc6b8c83883c7122db7cb94c4422338e22e08,21F601BF-7180-477D-A82D-4C406E7127C9,final-questions,5,1,5,247.36,fq-1-7
9b76e62edbba6caa69fbfa37d3d2faf8ce0b6b9230292d6487300273610bc6b8c83883c7122db7cb94c4422338e22e08,21F601BF-7180-477D-A82D-4C406E7127C9,final-questions,7,1,7,247.361,fq-5-1
9b76e62edbba6caa69fbfa37d3d2faf8ce0b6b9230292d6487300273610bc6b8c83883c7122db7cb94c4422338e22e08,21F601BF-7180-477D-A82D-4C406E7127C9,final-questions,7,1,7,247.361,fq-5-2
9b76e62edbba6caa69fbfa37d3d2faf8ce0b6b9230292d6487300273610bc6b8c83883c7122db7cb94c4422338e22e08,21F601BF-7180-477D-A82D-4C406E7127C9,final-questions,3,1,5,247.361,fq-5-3
9b76e62edbba6caa69fbfa37d3d2faf8ce0b6b9230292d6487300273610bc6b8c83883c7122db7cb94c4422338e22e08,21F601BF-7180-477D-A82D-4C406E7127C9,final-questions,5,1,5,247.361,fq-5-4
9b76e62edbba6caa69fbfa37d3d2faf8ce0b6b9230292d6487300273610bc6b8c83883c7122db7cb94c4422338e22e08,21F601BF-7180-477D-A82D-4C406E7127C9,final-questions,5,1,5,247.361,fq-6-1
9b76e62edbba6caa69fbfa37d3d2faf8ce0b6b9230292d6487300273610bc6b8c83883c7122db7cb94c4422338e22e08,21F601BF-7180-477D-A82D-4C406E7127C9,final-questions,2,1,5,247.36,fq-1-5
9b76e62edbba6caa69fbfa37d3d2faf8ce0b6b9230292d6487300273610bc6b8c83883c7122db7cb94c4422338e22e08,21F601BF-7180-477D-A82D-4C406E7127C9,final-questions,1,0,6,247.361,fq-4-2
9b76e62edbba6caa69fbfa37d3d2faf8ce0b6b9230292d6487300273610bc6b8c83883c7122db7cb94c4422338e22e08,21F601BF-7180-477D-A82D-4C406E7127C9,final-questions,3,1,5,247.36,fq-1-4
9b76e62edbba6caa69fbfa37d3d2faf8ce0b6b9230292d6487300273610bc6b8c83883c7122db7cb94c4422338e22e08,21F601BF-7180-477D-A82D-4C406E7127C9,final-questions,3,1,5,247.362,fq-6-2
9b76e62edbba6caa69fbfa37d3d2faf8ce0b6b9230292d6487300273610bc6b8c83883c7122db7cb94c4422338e22e08,21F601BF-7180-477D-A82D-4C406E7127C9,final-questions,3,1,5,247.362,fq-6-3
9b76e62edbba6caa69fbfa37d3d2faf8ce0b6b9230292d6487300273610bc6b8c83883c7122db7cb94c4422338e22e08,21F601BF-7180-477D-A82D-4C406E7127C9,final-questions,3,1,4,247.36,fq-2-1
9b76e62edbba6caa69fbfa37d3d2faf8ce0b6b9230292d6487300273610bc6b8c83883c7122db7cb94c4422338e22e08,21F601BF-7180-477D-A82D-4C406E7127C9,final-questions,1,0,6,247.361,fq-4-1
9b76e62edbba6caa69fbfa37d3d2faf8ce0b6b9230292d6487300273610bc6b8c83883c7122db7cb94c4422338e22e08,21F601BF-7180-477D-A82D-4C406E7127C9,final-questions,1,0,6,247.361,fq-4-3
9b76e62edbba6caa69fbfa37d3d2faf8ce0b6b9230292d6487300273610bc6b8c83883c7122db7cb94c4422338e22e08,C4705CA8-29AE-488B-9C79-ADD1401E0F0D,final-questions,5,1,5,251.214,fq-1-1
9b76e62edbba6caa69fbfa37d3d2faf8ce0b6b9230292d6487300273610bc6b8c83883c7122db7cb94c4422338e22e08,C4705CA8-29AE-488B-9C79-ADD1401E0F0D,final-questions,4,1,5,251.214,fq-1-2
9b76e62edbba6caa69fbfa37d3d2faf8ce0b6b9230292d6487300273610bc6b8c83883c7122db7cb94c4422338e22e08,C4705CA8-29AE-488B-9C79-ADD1401E0F0D,final-questions,1,1,5,251.215,fq-1-6
9b76e62edbba6caa69fbfa37d3d2faf8ce0b6b9230292d6487300273610bc6b8c83883c7122db7cb94c4422338e22e08,C4705CA8-29AE-488B-9C79-ADD1401E0F0D,final-questions,4,1,5,251.215,fq-1-7
9b76e62edbba6caa69fbfa37d3d2faf8ce0b6b9230292d6487300273610bc6b8c83883c7122db7cb94c4422338e22e08,C4705CA8-29AE-488B-9C79-ADD1401E0F0D,final-questions,1,1,4,251.215,fq-2-1
9b76e62edbba6caa69fbfa37d3d2faf8ce0b6b9230292d6487300273610bc6b8c83883c7122db7cb94c4422338e22e08,C4705CA8-29AE-488B-9C79-ADD1401E0F0D,final-questions,4,1,4,251.215,fq-2-2
9b76e62edbba6caa69fbfa37d3d2faf8ce0b6b9230292d6487300273610bc6b8c83883c7122db7cb94c4422338e22e08,C4705CA8-29AE-488B-9C79-ADD1401E0F0D,final-questions,4,1,5,251.215,fq-1-3
9b76e62edbba6caa69fbfa37d3d2faf8ce0b6b9230292d6487300273610bc6b8c83883c7122db7cb94c4422338e22e08,C4705CA8-29AE-488B-9C79-ADD1401E0F0D,final-questions,4,1,4,251.216,fq-2-4
9b76e62edbba6caa69fbfa37d3d2faf8ce0b6b9230292d6487300273610bc6b8c83883c7122db7cb94c4422338e22e08,C4705CA8-29AE-488B-9C79-ADD1401E0F0D,final-questions,4,1,4,251.216,fq-3-1
9b76e62edbba6caa69fbfa37d3d2faf8ce0b6b9230292d6487300273610bc6b8c83883c7122db7cb94c4422338e22e08,C4705CA8-29AE-488B-9C79-ADD1401E0F0D,final-questions,4,1,4,251.216,fq-3-2
9b76e62edbba6caa69fbfa37d3d2faf8ce0b6b9230292d6487300273610bc6b8c83883c7122db7cb94c4422338e22e08,C4705CA8-29AE-488B-9C79-ADD1401E0F0D,final-questions,3,1,4,251.216,fq-3-3
9b76e62edbba6caa69fbfa37d3d2faf8ce0b6b9230292d6487300273610bc6b8c83883c7122db7cb94c4422338e22e08,C4705CA8-29AE-488B-9C79-ADD1401E0F0D,final-questions,4,1,4,251.216,fq-3-4
9b76e62edbba6caa69fbfa37d3d2faf8ce0b6b9230292d6487300273610bc6b8c83883c7122db7cb94c4422338e22e08,C4705CA8-29AE-488B-9C79-ADD1401E0F0D,final-questions,5,0,6,251.216,fq-4-1
9b76e62edbba6caa69fbfa37d3d2faf8ce0b6b9230292d6487300273610bc6b8c83883c7122db7cb94c4422338e22e08,C4705CA8-29AE-488B-9C79-ADD1401E0F0D,final-questions,5,0,6,251.216,fq-4-2
9b76e62edbba6caa69fbfa37d3d2faf8ce0b6b9230292d6487300273610bc6b8c83883c7122db7cb94c4422338e22e08,C4705CA8-29AE-488B-9C79-ADD1401E0F0D,final-questions,5,0,6,251.216,fq-4-3
9b76e62edbba6caa69fbfa37d3d2faf8ce0b6b9230292d6487300273610bc6b8c83883c7122db7cb94c4422338e22e08,C4705CA8-29AE-488B-9C79-ADD1401E0F0D,final-questions,7,1,7,251.216,fq-5-1
9b76e62edbba6caa69fbfa37d3d2faf8ce0b6b9230292d6487300273610bc6b8c83883c7122db7cb94c4422338e22e08,C4705CA8-29AE-488B-9C79-ADD1401E0F0D,final-questions,5,1,7,251.216,fq-5-2
9b76e62edbba6caa69fbfa37d3d2faf8ce0b6b9230292d6487300273610bc6b8c83883c7122db7cb94c4422338e22e08,C4705CA8-29AE-488B-9C79-ADD1401E0F0D,final-questions,5,1,5,251.216,fq-5-3
9b76e62edbba6caa69fbfa37d3d2faf8ce0b6b9230292d6487300273610bc6b8c83883c7122db7cb94c4422338e22e08,C4705CA8-29AE-488B-9C79-ADD1401E0F0D,final-questions,5,1,5,251.216,fq-5-4
9b76e62edbba6caa69fbfa37d3d2faf8ce0b6b9230292d6487300273610bc6b8c83883c7122db7cb94c4422338e22e08,C4705CA8-29AE-488B-9C79-ADD1401E0F0D,final-questions,5,1,5,251.216,fq-6-1
9b76e62edbba6caa69fbfa37d3d2faf8ce0b6b9230292d6487300273610bc6b8c83883c7122db7cb94c4422338e22e08,C4705CA8-29AE-488B-9C79-ADD1401E0F0D,final-questions,4,1,5,251.217,fq-6-2
9b76e62edbba6caa69fbfa37d3d2faf8ce0b6b9230292d6487300273610bc6b8c83883c7122db7cb94c4422338e22e08,C4705CA8-29AE-488B-9C79-ADD1401E0F0D,final-questions,5,1,5,251.217,fq-6-3
9b76e62edbba6caa69fbfa37d3d2faf8ce0b6b9230292d6487300273610bc6b8c83883c7122db7cb94c4422338e22e08,C4705CA8-29AE-488B-9C79-ADD1401E0F0D,final-questions,3,1,5,251.215,fq-1-4
9b76e62edbba6caa69fbfa37d3d2faf8ce0b6b9230292d6487300273610bc6b8c83883c7122db7cb94c4422338e22e08,C4705CA8-29AE-488B-9C79-ADD1401E0F0D,final-questions,5,1,5,251.215,fq-1-5
9b76e62edbba6caa69fbfa37d3d2faf8ce0b6b9230292d6487300273610bc6b8c83883c7122db7cb94c4422338e22e08,C4705CA8-29AE-488B-9C79-ADD1401E0F0D,final-questions,1,1,4,251.215,fq-2-3
9b76e62edbba6caa69fbfa37d3d2faf8ce0b6b9230292d6487300273610bc6b8c83883c7122db7cb94c4422338e22e08,5AC38610-E523-4AD9-8D2D-107AAA8873CF,final-questions,2,1,5,261.52,fq-1-1
9b76e62edbba6caa69fbfa37d3d2faf8ce0b6b9230292d6487300273610bc6b8c83883c7122db7cb94c4422338e22e08,5AC38610-E523-4AD9-8D2D-107AAA8873CF,final-questions,4,1,5,261.521,fq-1-2
9b76e62edbba6caa69fbfa37d3d2faf8ce0b6b9230292d6487300273610bc6b8c83883c7122db7cb94c4422338e22e08,5AC38610-E523-4AD9-8D2D-107AAA8873CF,final-questions,1,1,5,261.521,fq-1-6
9b76e62edbba6caa69fbfa37d3d2faf8ce0b6b9230292d6487300273610bc6b8c83883c7122db7cb94c4422338e22e08,5AC38610-E523-4AD9-8D2D-107AAA8873CF,final-questions,1,1,4,261.522,fq-2-3
9b76e62edbba6caa69fbfa37d3d2faf8ce0b6b9230292d6487300273610bc6b8c83883c7122db7cb94c4422338e22e08,5AC38610-E523-4AD9-8D2D-107AAA8873CF,final-questions,4,1,4,261.522,fq-2-4
9b76e62edbba6caa69fbfa37d3d2faf8ce0b6b9230292d6487300273610bc6b8c83883c7122db7cb94c4422338e22e08,5AC38610-E523-4AD9-8D2D-107AAA8873CF,final-questions,2,1,4,261.522,fq-3-1
9b76e62edbba6caa69fbfa37d3d2faf8ce0b6b9230292d6487300273610bc6b8c83883c7122db7cb94c4422338e22e08,5AC38610-E523-4AD9-8D2D-107AAA8873CF,final-questions,2,1,4,261.522,fq-3-2
9b76e62edbba6caa69fbfa37d3d2faf8ce0b6b9230292d6487300273610bc6b8c83883c7122db7cb94c4422338e22e08,5AC38610-E523-4AD9-8D2D-107AAA8873CF,final-questions,4,1,4,261.522,fq-3-3
9b76e62edbba6caa69fbfa37d3d2faf8ce0b6b9230292d6487300273610bc6b8c83883c7122db7cb94c4422338e22e08,5AC38610-E523-4AD9-8D2D-107AAA8873CF,final-questions,4,1,4,261.522,fq-3-4
9b76e62edbba6caa69fbfa37d3d2faf8ce0b6b9230292d6487300273610bc6b8c83883c7122db7cb94c4422338e22e08,5AC38610-E523-4AD9-8D2D-107AAA8873CF,final-questions,2,0,6,261.522,fq-4-1
9b76e62edbba6caa69fbfa37d3d2faf8ce0b6b9230292d6487300273610bc6b8c83883c7122db7cb94c4422338e22e08,5AC38610-E523-4AD9-8D2D-107AAA8873CF,final-questions,5,0,6,261.522,fq-4-2
9b76e62edbba6caa69fbfa37d3d2faf8ce0b6b9230292d6487300273610bc6b8c83883c7122db7cb94c4422338e22e08,5AC38610-E523-4AD9-8D2D-107AAA8873CF,final-questions,5,0,6,261.522,fq-4-3
9b76e62edbba6caa69fbfa37d3d2faf8ce0b6b9230292d6487300273610bc6b8c83883c7122db7cb94c4422338e22e08,5AC38610-E523-4AD9-8D2D-107AAA8873CF,final-questions,6,1,7,261.522,fq-5-1
9b76e62edbba6caa69fbfa37d3d2faf8ce0b6b9230292d6487300273610bc6b8c83883c7122db7cb94c4422338e22e08,5AC38610-E523-4AD9-8D2D-107AAA8873CF,final-questions,5,1,7,261.522,fq-5-2
9b76e62edbba6caa69fbfa37d3d2faf8ce0b6b9230292d6487300273610bc6b8c83883c7122db7cb94c4422338e22e08,5AC38610-E523-4AD9-8D2D-107AAA8873CF,final-questions,5,1,5,261.521,fq-1-3
9b76e62edbba6caa69fbfa37d3d2faf8ce0b6b9230292d6487300273610bc6b8c83883c7122db7cb94c4422338e22e08,5AC38610-E523-4AD9-8D2D-107AAA8873CF,final-questions,1,1,5,261.521,fq-1-4
9b76e62edbba6caa69fbfa37d3d2faf8ce0b6b9230292d6487300273610bc6b8c83883c7122db7cb94c4422338e22e08,5AC38610-E523-4AD9-8D2D-107AAA8873CF,final-questions,5,1,5,261.521,fq-1-5
9b76e62edbba6caa69fbfa37d3d2faf8ce0b6b9230292d6487300273610bc6b8c83883c7122db7cb94c4422338e22e08,5AC38610-E523-4AD9-8D2D-107AAA8873CF,final-questions,4,1,5,261.522,fq-5-3
9b76e62edbba6caa69fbfa37d3d2faf8ce0b6b9230292d6487300273610bc6b8c83883c7122db7cb94c4422338e22e08,5AC38610-E523-4AD9-8D2D-107AAA8873CF,final-questions,4,1,5,261.523,fq-5-4
9b76e62edbba6caa69fbfa37d3d2faf8ce0b6b9230292d6487300273610bc6b8c83883c7122db7cb94c4422338e22e08,5AC38610-E523-4AD9-8D2D-107AAA8873CF,final-questions,5,1,5,261.523,fq-6-1
9b76e62edbba6caa69fbfa37d3d2faf8ce0b6b9230292d6487300273610bc6b8c83883c7122db7cb94c4422338e22e08,5AC38610-E523-4AD9-8D2D-107AAA8873CF,final-questions,5,1,5,261.523,fq-6-2
9b76e62edbba6caa69fbfa37d3d2faf8ce0b6b9230292d6487300273610bc6b8c83883c7122db7cb94c4422338e22e08,5AC38610-E523-4AD9-8D2D-107AAA8873CF,final-questions,5,1,5,261.523,fq-6-3
9b76e62edbba6caa69fbfa37d3d2faf8ce0b6b9230292d6487300273610bc6b8c83883c7122db7cb94c4422338e22e08,5AC38610-E523-4AD9-8D2D-107AAA8873CF,final-questions,2,1,4,261.521,fq-2-1
9b76e62edbba6caa69fbfa37d3d2faf8ce0b6b9230292d6487300273610bc6b8c83883c7122db7cb94c4422338e22e08,5AC38610-E523-4AD9-8D2D-107AAA8873CF,final-questions,4,1,4,261.521,fq-2-2
9b76e62edbba6caa69fbfa37d3d2faf8ce0b6b9230292d6487300273610bc6b8c83883c7122db7cb94c4422338e22e08,5AC38610-E523-4AD9-8D2D-107AAA8873CF,final-questions,3,1,5,261.521,fq-1-7
9b76e62edbba6caa69fbfa37d3d2faf8ce0b6b9230292d6487300273610bc6b8c83883c7122db7cb94c4422338e22e08,8E89AFB0-70DB-4A7E-832F-5CD222B95F8D,final-questions,3,1,5,271.058,fq-1-1
9b76e62edbba6caa69fbfa37d3d2faf8ce0b6b9230292d6487300273610bc6b8c83883c7122db7cb94c4422338e22e08,8E89AFB0-70DB-4A7E-832F-5CD222B95F8D,final-questions,1,1,5,271.058,fq-1-7
9b76e62edbba6caa69fbfa37d3d2faf8ce0b6b9230292d6487300273610bc6b8c83883c7122db7cb94c4422338e22e08,8E89AFB0-70DB-4A7E-832F-5CD222B95F8D,final-questions,1,1,5,271.058,fq-1-6
9b76e62edbba6caa69fbfa37d3d2faf8ce0b6b9230292d6487300273610bc6b8c83883c7122db7cb94c4422338e22e08,8E89AFB0-70DB-4A7E-832F-5CD222B95F8D,final-questions,4,1,5,271.058,fq-1-3
9b76e62edbba6caa69fbfa37d3d2faf8ce0b6b9230292d6487300273610bc6b8c83883c7122db7cb94c4422338e22e08,8E89AFB0-70DB-4A7E-832F-5CD222B95F8D,final-questions,3,1,4,271.059,fq-2-1
9b76e62edbba6caa69fbfa37d3d2faf8ce0b6b9230292d6487300273610bc6b8c83883c7122db7cb94c4422338e22e08,8E89AFB0-70DB-4A7E-832F-5CD222B95F8D,final-questions,4,1,4,271.059,fq-2-2
9b76e62edbba6caa69fbfa37d3d2faf8ce0b6b9230292d6487300273610bc6b8c83883c7122db7cb94c4422338e22e08,8E89AFB0-70DB-4A7E-832F-5CD222B95F8D,final-questions,1,1,4,271.059,fq-2-3
9b76e62edbba6caa69fbfa37d3d2faf8ce0b6b9230292d6487300273610bc6b8c83883c7122db7cb94c4422338e22e08,8E89AFB0-70DB-4A7E-832F-5CD222B95F8D,final-questions,2,1,4,271.059,fq-2-4
9b76e62edbba6caa69fbfa37d3d2faf8ce0b6b9230292d6487300273610bc6b8c83883c7122db7cb94c4422338e22e08,8E89AFB0-70DB-4A7E-832F-5CD222B95F8D,final-questions,2,1,4,271.059,fq-3-1
9b76e62edbba6caa69fbfa37d3d2faf8ce0b6b9230292d6487300273610bc6b8c83883c7122db7cb94c4422338e22e08,8E89AFB0-70DB-4A7E-832F-5CD222B95F8D,final-questions,2,1,4,271.059,fq-3-2
9b76e62edbba6caa69fbfa37d3d2faf8ce0b6b9230292d6487300273610bc6b8c83883c7122db7cb94c4422338e22e08,8E89AFB0-70DB-4A7E-832F-5CD222B95F8D,final-questions,4,1,4,271.059,fq-3-3
9b76e62edbba6caa69fbfa37d3d2faf8ce0b6b9230292d6487300273610bc6b8c83883c7122db7cb94c4422338e22e08,8E89AFB0-70DB-4A7E-832F-5CD222B95F8D,final-questions,2,1,4,271.059,fq-3-4
9b76e62edbba6caa69fbfa37d3d2faf8ce0b6b9230292d6487300273610bc6b8c83883c7122db7cb94c4422338e22e08,8E89AFB0-70DB-4A7E-832F-5CD222B95F8D,final-questions,3,0,6,271.059,fq-4-1
9b76e62edbba6caa69fbfa37d3d2faf8ce0b6b9230292d6487300273610bc6b8c83883c7122db7cb94c4422338e22e08,8E89AFB0-70DB-4A7E-832F-5CD222B95F8D,final-questions,3,0,6,271.059,fq-4-2
9b76e62edbba6caa69fbfa37d3d2faf8ce0b6b9230292d6487300273610bc6b8c83883c7122db7cb94c4422338e22e08,8E89AFB0-70DB-4A7E-832F-5CD222B95F8D,final-questions,4,0,6,271.059,fq-4-3
9b76e62edbba6caa69fbfa37d3d2faf8ce0b6b9230292d6487300273610bc6b8c83883c7122db7cb94c4422338e22e08,8E89AFB0-70DB-4A7E-832F-5CD222B95F8D,final-questions,4,1,7,271.059,fq-5-1
9b76e62edbba6caa69fbfa37d3d2faf8ce0b6b9230292d6487300273610bc6b8c83883c7122db7cb94c4422338e22e08,8E89AFB0-70DB-4A7E-832F-5CD222B95F8D,final-questions,4,1,7,271.059,fq-5-2
9b76e62edbba6caa69fbfa37d3d2faf8ce0b6b9230292d6487300273610bc6b8c83883c7122db7cb94c4422338e22e08,8E89AFB0-70DB-4A7E-832F-5CD222B95F8D,final-questions,3,1,5,271.059,fq-5-3
9b76e62edbba6caa69fbfa37d3d2faf8ce0b6b9230292d6487300273610bc6b8c83883c7122db7cb94c4422338e22e08,8E89AFB0-70DB-4A7E-832F-5CD222B95F8D,final-questions,3,1,5,271.059,fq-5-4
9b76e62edbba6caa69fbfa37d3d2faf8ce0b6b9230292d6487300273610bc6b8c83883c7122db7cb94c4422338e22e08,8E89AFB0-70DB-4A7E-832F-5CD222B95F8D,final-questions,3,1,5,271.059,fq-6-1
9b76e62edbba6caa69fbfa37d3d2faf8ce0b6b9230292d6487300273610bc6b8c83883c7122db7cb94c4422338e22e08,8E89AFB0-70DB-4A7E-832F-5CD222B95F8D,final-questions,3,1,5,271.059,fq-6-2
9b76e62edbba6caa69fbfa37d3d2faf8ce0b6b9230292d6487300273610bc6b8c83883c7122db7cb94c4422338e22e08,8E89AFB0-70DB-4A7E-832F-5CD222B95F8D,final-questions,3,1,5,271.059,fq-6-3
9b76e62edbba6caa69fbfa37d3d2faf8ce0b6b9230292d6487300273610bc6b8c83883c7122db7cb94c4422338e22e08,8E89AFB0-70DB-4A7E-832F-5CD222B95F8D,final-questions,3,1,5,271.058,fq-1-5
9b76e62edbba6caa69fbfa37d3d2faf8ce0b6b9230292d6487300273610bc6b8c83883c7122db7cb94c4422338e22e08,8E89AFB0-70DB-4A7E-832F-5CD222B95F8D,final-questions,3,1,5,271.058,fq-1-2
9b76e62edbba6caa69fbfa37d3d2faf8ce0b6b9230292d6487300273610bc6b8c83883c7122db7cb94c4422338e22e08,8E89AFB0-70DB-4A7E-832F-5CD222B95F8D,final-questions,4,1,5,271.058,fq-1-4
9b76e62edbba6caa69fbfa37d3d2faf8ce0b6b9230292d6487300273610bc6b8c83883c7122db7cb94c4422338e22e08,5E6D883E-9F7C-4685-9E61-9E3996DA298B,final-questions,5,1,5,290.826,fq-1-1
9b76e62edbba6caa69fbfa37d3d2faf8ce0b6b9230292d6487300273610bc6b8c83883c7122db7cb94c4422338e22e08,5E6D883E-9F7C-4685-9E61-9E3996DA298B,final-questions,4,1,5,290.827,fq-1-2
9b76e62edbba6caa69fbfa37d3d2faf8ce0b6b9230292d6487300273610bc6b8c83883c7122db7cb94c4422338e22e08,5E6D883E-9F7C-4685-9E61-9E3996DA298B,final-questions,5,1,5,290.827,fq-1-3
9b76e62edbba6caa69fbfa37d3d2faf8ce0b6b9230292d6487300273610bc6b8c83883c7122db7cb94c4422338e22e08,5E6D883E-9F7C-4685-9E61-9E3996DA298B,final-questions,1,1,5,290.827,fq-1-4
9b76e62edbba6caa69fbfa37d3d2faf8ce0b6b9230292d6487300273610bc6b8c83883c7122db7cb94c4422338e22e08,5E6D883E-9F7C-4685-9E61-9E3996DA298B,final-questions,3,1,4,290.827,fq-2-1
9b76e62edbba6caa69fbfa37d3d2faf8ce0b6b9230292d6487300273610bc6b8c83883c7122db7cb94c4422338e22e08,5E6D883E-9F7C-4685-9E61-9E3996DA298B,final-questions,4,1,4,290.827,fq-2-2
9b76e62edbba6caa69fbfa37d3d2faf8ce0b6b9230292d6487300273610bc6b8c83883c7122db7cb94c4422338e22e08,5E6D883E-9F7C-4685-9E61-9E3996DA298B,final-questions,2,1,4,290.827,fq-2-3
9b76e62edbba6caa69fbfa37d3d2faf8ce0b6b9230292d6487300273610bc6b8c83883c7122db7cb94c4422338e22e08,5E6D883E-9F7C-4685-9E61-9E3996DA298B,final-questions,3,1,4,290.827,fq-2-4
9b76e62edbba6caa69fbfa37d3d2faf8ce0b6b9230292d6487300273610bc6b8c83883c7122db7cb94c4422338e22e08,5E6D883E-9F7C-4685-9E61-9E3996DA298B,final-questions,2,1,4,290.827,fq-3-1
9b76e62edbba6caa69fbfa37d3d2faf8ce0b6b9230292d6487300273610bc6b8c83883c7122db7cb94c4422338e22e08,5E6D883E-9F7C-4685-9E61-9E3996DA298B,final-questions,2,1,4,290.827,fq-3-2
9b76e62edbba6caa69fbfa37d3d2faf8ce0b6b9230292d6487300273610bc6b8c83883c7122db7cb94c4422338e22e08,5E6D883E-9F7C-4685-9E61-9E3996DA298B,final-questions,4,1,4,290.828,fq-3-3
9b76e62edbba6caa69fbfa37d3d2faf8ce0b6b9230292d6487300273610bc6b8c83883c7122db7cb94c4422338e22e08,5E6D883E-9F7C-4685-9E61-9E3996DA298B,final-questions,5,1,5,290.827,fq-1-5
9b76e62edbba6caa69fbfa37d3d2faf8ce0b6b9230292d6487300273610bc6b8c83883c7122db7cb94c4422338e22e08,5E6D883E-9F7C-4685-9E61-9E3996DA298B,final-questions,1,1,5,290.827,fq-1-6
9b76e62edbba6caa69fbfa37d3d2faf8ce0b6b9230292d6487300273610bc6b8c83883c7122db7cb94c4422338e22e08,5E6D883E-9F7C-4685-9E61-9E3996DA298B,final-questions,1,1,5,290.827,fq-1-7
9b76e62edbba6caa69fbfa37d3d2faf8ce0b6b9230292d6487300273610bc6b8c83883c7122db7cb94c4422338e22e08,5E6D883E-9F7C-4685-9E61-9E3996DA298B,final-questions,4,1,4,290.828,fq-3-4
9b76e62edbba6caa69fbfa37d3d2faf8ce0b6b9230292d6487300273610bc6b8c83883c7122db7cb94c4422338e22e08,5E6D883E-9F7C-4685-9E61-9E3996DA298B,final-questions,7,1,7,290.828,fq-5-1
9b76e62edbba6caa69fbfa37d3d2faf8ce0b6b9230292d6487300273610bc6b8c83883c7122db7cb94c4422338e22e08,5E6D883E-9F7C-4685-9E61-9E3996DA298B,final-questions,6,1,7,290.828,fq-5-2
9b76e62edbba6caa69fbfa37d3d2faf8ce0b6b9230292d6487300273610bc6b8c83883c7122db7cb94c4422338e22e08,5E6D883E-9F7C-4685-9E61-9E3996DA298B,final-questions,4,1,5,290.828,fq-5-3
9b76e62edbba6caa69fbfa37d3d2faf8ce0b6b9230292d6487300273610bc6b8c83883c7122db7cb94c4422338e22e08,5E6D883E-9F7C-4685-9E61-9E3996DA298B,final-questions,4,1,5,290.828,fq-5-4
9b76e62edbba6caa69fbfa37d3d2faf8ce0b6b9230292d6487300273610bc6b8c83883c7122db7cb94c4422338e22e08,5E6D883E-9F7C-4685-9E61-9E3996DA298B,final-questions,5,1,5,290.828,fq-6-1
9b76e62edbba6caa69fbfa37d3d2faf8ce0b6b9230292d6487300273610bc6b8c83883c7122db7cb94c4422338e22e08,5E6D883E-9F7C-4685-9E61-9E3996DA298B,final-questions,5,1,5,290.828,fq-6-2
9b76e62edbba6caa69fbfa37d3d2faf8ce0b6b9230292d6487300273610bc6b8c83883c7122db7cb94c4422338e22e08,5E6D883E-9F7C-4685-9E61-9E3996DA298B,final-questions,5,1,5,290.828,fq-6-3
9b76e62edbba6caa69fbfa37d3d2faf8ce0b6b9230292d6487300273610bc6b8c83883c7122db7cb94c4422338e22e08,5E6D883E-9F7C-4685-9E61-9E3996DA298B,final-questions,5,0,6,290.828,fq-4-2
9b76e62edbba6caa69fbfa37d3d2faf8ce0b6b9230292d6487300273610bc6b8c83883c7122db7cb94c4422338e22e08,5E6D883E-9F7C-4685-9E61-9E3996DA298B,final-questions,5,0,6,290.828,fq-4-3
9b76e62edbba6caa69fbfa37d3d2faf8ce0b6b9230292d6487300273610bc6b8c83883c7122db7cb94c4422338e22e08,5E6D883E-9F7C-4685-9E61-9E3996DA298B,final-questions,5,0,6,290.828,fq-4-1
9b76e62edbba6caa69fbfa37d3d2faf8ce0b6b9230292d6487300273610bc6b8c83883c7122db7cb94c4422338e22e08,50B5645E-7668-41C0-8CCC-0B0A385B1B5F,final-questions,3,1,5,334.352,fq-1-1
9b76e62edbba6caa69fbfa37d3d2faf8ce0b6b9230292d6487300273610bc6b8c83883c7122db7cb94c4422338e22e08,50B5645E-7668-41C0-8CCC-0B0A385B1B5F,final-questions,3,1,4,334.353,fq-2-1
9b76e62edbba6caa69fbfa37d3d2faf8ce0b6b9230292d6487300273610bc6b8c83883c7122db7cb94c4422338e22e08,50B5645E-7668-41C0-8CCC-0B0A385B1B5F,final-questions,4,1,4,334.353,fq-2-2
9b76e62edbba6caa69fbfa37d3d2faf8ce0b6b9230292d6487300273610bc6b8c83883c7122db7cb94c4422338e22e08,50B5645E-7668-41C0-8CCC-0B0A385B1B5F,final-questions,1,1,4,334.353,fq-2-3
9b76e62edbba6caa69fbfa37d3d2faf8ce0b6b9230292d6487300273610bc6b8c83883c7122db7cb94c4422338e22e08,50B5645E-7668-41C0-8CCC-0B0A385B1B5F,final-questions,3,1,4,334.353,fq-2-4
9b76e62edbba6caa69fbfa37d3d2faf8ce0b6b9230292d6487300273610bc6b8c83883c7122db7cb94c4422338e22e08,50B5645E-7668-41C0-8CCC-0B0A385B1B5F,final-questions,3,1,4,334.353,fq-3-1
9b76e62edbba6caa69fbfa37d3d2faf8ce0b6b9230292d6487300273610bc6b8c83883c7122db7cb94c4422338e22e08,50B5645E-7668-41C0-8CCC-0B0A385B1B5F,final-questions,4,1,4,334.353,fq-3-2
9b76e62edbba6caa69fbfa37d3d2faf8ce0b6b9230292d6487300273610bc6b8c83883c7122db7cb94c4422338e22e08,50B5645E-7668-41C0-8CCC-0B0A385B1B5F,final-questions,4,1,5,334.352,fq-1-2
9b76e62edbba6caa69fbfa37d3d2faf8ce0b6b9230292d6487300273610bc6b8c83883c7122db7cb94c4422338e22e08,50B5645E-7668-41C0-8CCC-0B0A385B1B5F,final-questions,2,1,4,334.353,fq-3-4
9b76e62edbba6caa69fbfa37d3d2faf8ce0b6b9230292d6487300273610bc6b8c83883c7122db7cb94c4422338e22e08,50B5645E-7668-41C0-8CCC-0B0A385B1B5F,final-questions,1,1,5,334.352,fq-1-4
9b76e62edbba6caa69fbfa37d3d2faf8ce0b6b9230292d6487300273610bc6b8c83883c7122db7cb94c4422338e22e08,50B5645E-7668-41C0-8CCC-0B0A385B1B5F,final-questions,4,1,5,334.352,fq-1-3
9b76e62edbba6caa69fbfa37d3d2faf8ce0b6b9230292d6487300273610bc6b8c83883c7122db7cb94c4422338e22e08,50B5645E-7668-41C0-8CCC-0B0A385B1B5F,final-questions,3,1,4,334.353,fq-3-3
9b76e62edbba6caa69fbfa37d3d2faf8ce0b6b9230292d6487300273610bc6b8c83883c7122db7cb94c4422338e22e08,50B5645E-7668-41C0-8CCC-0B0A385B1B5F,final-questions,5,0,6,334.353,fq-4-1
9b76e62edbba6caa69fbfa37d3d2faf8ce0b6b9230292d6487300273610bc6b8c83883c7122db7cb94c4422338e22e08,50B5645E-7668-41C0-8CCC-0B0A385B1B5F,final-questions,3,0,6,334.353,fq-4-2
9b76e62edbba6caa69fbfa37d3d2faf8ce0b6b9230292d6487300273610bc6b8c83883c7122db7cb94c4422338e22e08,50B5645E-7668-41C0-8CCC-0B0A385B1B5F,final-questions,5,0,6,334.353,fq-4-3
9b76e62edbba6caa69fbfa37d3d2faf8ce0b6b9230292d6487300273610bc6b8c83883c7122db7cb94c4422338e22e08,50B5645E-7668-41C0-8CCC-0B0A385B1B5F,final-questions,7,1,7,334.353,fq-5-1
9b76e62edbba6caa69fbfa37d3d2faf8ce0b6b9230292d6487300273610bc6b8c83883c7122db7cb94c4422338e22e08,50B5645E-7668-41C0-8CCC-0B0A385B1B5F,final-questions,7,1,7,334.353,fq-5-2
9b76e62edbba6caa69fbfa37d3d2faf8ce0b6b9230292d6487300273610bc6b8c83883c7122db7cb94c4422338e22e08,50B5645E-7668-41C0-8CCC-0B0A385B1B5F,final-questions,5,1,5,334.353,fq-5-3
9b76e62edbba6caa69fbfa37d3d2faf8ce0b6b9230292d6487300273610bc6b8c83883c7122db7cb94c4422338e22e08,50B5645E-7668-41C0-8CCC-0B0A385B1B5F,final-questions,5,1,5,334.353,fq-5-4
9b76e62edbba6caa69fbfa37d3d2faf8ce0b6b9230292d6487300273610bc6b8c83883c7122db7cb94c4422338e22e08,50B5645E-7668-41C0-8CCC-0B0A385B1B5F,final-questions,5,1,5,334.353,fq-6-1
9b76e62edbba6caa69fbfa37d3d2faf8ce0b6b9230292d6487300273610bc6b8c83883c7122db7cb94c4422338e22e08,50B5645E-7668-41C0-8CCC-0B0A385B1B5F,final-questions,5,1,5,334.354,fq-6-2
9b76e62edbba6caa69fbfa37d3d2faf8ce0b6b9230292d6487300273610bc6b8c83883c7122db7cb94c4422338e22e08,50B5645E-7668-41C0-8CCC-0B0A385B1B5F,final-questions,5,1,5,334.354,fq-6-3
9b76e62edbba6caa69fbfa37d3d2faf8ce0b6b9230292d6487300273610bc6b8c83883c7122db7cb94c4422338e22e08,50B5645E-7668-41C0-8CCC-0B0A385B1B5F,final-questions,1,1,5,334.352,fq-1-7
9b76e62edbba6caa69fbfa37d3d2faf8ce0b6b9230292d6487300273610bc6b8c83883c7122db7cb94c4422338e22e08,50B5645E-7668-41C0-8CCC-0B0A385B1B5F,final-questions,3,1,5,334.352,fq-1-5
9b76e62edbba6caa69fbfa37d3d2faf8ce0b6b9230292d6487300273610bc6b8c83883c7122db7cb94c4422338e22e08,50B5645E-7668-41C0-8CCC-0B0A385B1B5F,final-questions,1,1,5,334.352,fq-1-6
9b76e62edbba6caa69fbfa37d3d2faf8ce0b6b9230292d6487300273610bc6b8c83883c7122db7cb94c4422338e22e08,8FD9F1C4-A537-4AF4-9996-31C30F2E94A2,final-questions,5,1,5,436.953,fq-1-1
9b76e62edbba6caa69fbfa37d3d2faf8ce0b6b9230292d6487300273610bc6b8c83883c7122db7cb94c4422338e22e08,8FD9F1C4-A537-4AF4-9996-31C30F2E94A2,final-questions,2,1,5,436.953,fq-1-5
9b76e62edbba6caa69fbfa37d3d2faf8ce0b6b9230292d6487300273610bc6b8c83883c7122db7cb94c4422338e22e08,8FD9F1C4-A537-4AF4-9996-31C30F2E94A2,final-questions,4,1,4,436.954,fq-2-2
9b76e62edbba6caa69fbfa37d3d2faf8ce0b6b9230292d6487300273610bc6b8c83883c7122db7cb94c4422338e22e08,8FD9F1C4-A537-4AF4-9996-31C30F2E94A2,final-questions,1,1,4,436.954,fq-2-3
9b76e62edbba6caa69fbfa37d3d2faf8ce0b6b9230292d6487300273610bc6b8c83883c7122db7cb94c4422338e22e08,8FD9F1C4-A537-4AF4-9996-31C30F2E94A2,final-questions,4,1,4,436.954,fq-2-4
9b76e62edbba6caa69fbfa37d3d2faf8ce0b6b9230292d6487300273610bc6b8c83883c7122db7cb94c4422338e22e08,8FD9F1C4-A537-4AF4-9996-31C30F2E94A2,final-questions,1,1,4,436.954,fq-3-1
9b76e62edbba6caa69fbfa37d3d2faf8ce0b6b9230292d6487300273610bc6b8c83883c7122db7cb94c4422338e22e08,8FD9F1C4-A537-4AF4-9996-31C30F2E94A2,final-questions,4,1,4,436.954,fq-3-2
9b76e62edbba6caa69fbfa37d3d2faf8ce0b6b9230292d6487300273610bc6b8c83883c7122db7cb94c4422338e22e08,8FD9F1C4-A537-4AF4-9996-31C30F2E94A2,final-questions,4,1,4,436.954,fq-3-3
9b76e62edbba6caa69fbfa37d3d2faf8ce0b6b9230292d6487300273610bc6b8c83883c7122db7cb94c4422338e22e08,8FD9F1C4-A537-4AF4-9996-31C30F2E94A2,final-questions,3,1,4,436.954,fq-3-4
9b76e62edbba6caa69fbfa37d3d2faf8ce0b6b9230292d6487300273610bc6b8c83883c7122db7cb94c4422338e22e08,8FD9F1C4-A537-4AF4-9996-31C30F2E94A2,final-questions,5,0,6,436.954,fq-4-1
9b76e62edbba6caa69fbfa37d3d2faf8ce0b6b9230292d6487300273610bc6b8c83883c7122db7cb94c4422338e22e08,8FD9F1C4-A537-4AF4-9996-31C30F2E94A2,final-questions,6,0,6,436.954,fq-4-2
9b76e62edbba6caa69fbfa37d3d2faf8ce0b6b9230292d6487300273610bc6b8c83883c7122db7cb94c4422338e22e08,8FD9F1C4-A537-4AF4-9996-31C30F2E94A2,final-questions,6,0,6,436.954,fq-4-3
9b76e62edbba6caa69fbfa37d3d2faf8ce0b6b9230292d6487300273610bc6b8c83883c7122db7cb94c4422338e22e08,8FD9F1C4-A537-4AF4-9996-31C30F2E94A2,final-questions,7,1,7,436.954,fq-5-1
9b76e62edbba6caa69fbfa37d3d2faf8ce0b6b9230292d6487300273610bc6b8c83883c7122db7cb94c4422338e22e08,8FD9F1C4-A537-4AF4-9996-31C30F2E94A2,final-questions,5,1,5,436.953,fq-1-3
9b76e62edbba6caa69fbfa37d3d2faf8ce0b6b9230292d6487300273610bc6b8c83883c7122db7cb94c4422338e22e08,8FD9F1C4-A537-4AF4-9996-31C30F2E94A2,final-questions,5,1,5,436.954,fq-5-3
9b76e62edbba6caa69fbfa37d3d2faf8ce0b6b9230292d6487300273610bc6b8c83883c7122db7cb94c4422338e22e08,8FD9F1C4-A537-4AF4-9996-31C30F2E94A2,final-questions,1,1,5,436.953,fq-1-4
9b76e62edbba6caa69fbfa37d3d2faf8ce0b6b9230292d6487300273610bc6b8c83883c7122db7cb94c4422338e22e08,8FD9F1C4-A537-4AF4-9996-31C30F2E94A2,final-questions,4,1,5,436.954,fq-6-1
9b76e62edbba6caa69fbfa37d3d2faf8ce0b6b9230292d6487300273610bc6b8c83883c7122db7cb94c4422338e22e08,8FD9F1C4-A537-4AF4-9996-31C30F2E94A2,final-questions,5,1,5,436.955,fq-6-2
9b76e62edbba6caa69fbfa37d3d2faf8ce0b6b9230292d6487300273610bc6b8c83883c7122db7cb94c4422338e22e08,8FD9F1C4-A537-4AF4-9996-31C30F2E94A2,final-questions,5,1,5,436.955,fq-6-3
9b76e62edbba6caa69fbfa37d3d2faf8ce0b6b9230292d6487300273610bc6b8c83883c7122db7cb94c4422338e22e08,8FD9F1C4-A537-4AF4-9996-31C30F2E94A2,final-questions,5,1,7,436.954,fq-5-2
9b76e62edbba6caa69fbfa37d3d2faf8ce0b6b9230292d6487300273610bc6b8c83883c7122db7cb94c4422338e22e08,8FD9F1C4-A537-4AF4-9996-31C30F2E94A2,final-questions,4,1,5,436.953,fq-1-2
9b76e62edbba6caa69fbfa37d3d2faf8ce0b6b9230292d6487300273610bc6b8c83883c7122db7cb94c4422338e22e08,8FD9F1C4-A537-4AF4-9996-31C30F2E94A2,final-questions,5,1,5,436.954,fq-5-4
9b76e62edbba6caa69fbfa37d3d2faf8ce0b6b9230292d6487300273610bc6b8c83883c7122db7cb94c4422338e22e08,8FD9F1C4-A537-4AF4-9996-31C30F2E94A2,final-questions,2,1,5,436.953,fq-1-7
9b76e62edbba6caa69fbfa37d3d2faf8ce0b6b9230292d6487300273610bc6b8c83883c7122db7cb94c4422338e22e08,8FD9F1C4-A537-4AF4-9996-31C30F2E94A2,final-questions,2,1,4,436.953,fq-2-1
9b76e62edbba6caa69fbfa37d3d2faf8ce0b6b9230292d6487300273610bc6b8c83883c7122db7cb94c4422338e22e08,8FD9F1C4-A537-4AF4-9996-31C30F2E94A2,final-questions,1,1,5,436.953,fq-1-6
