user_id,order_id,socket_id,session_id,role,active,uuid,client_number,safe_mode,created_timestamp,mute_mode,subtitles,language,ghost_id
55343,,JHVgqWZEPWVjTgbWAAAA,9b76e62edbba6caa69fbfa37d3d2faf8ce0b6b9230292d6487300273610bc6b8c83883c7122db7cb94c4422338e22e08,host,0,none,,0,1680001775000,0,0,en,GHOST_4pfeqe
55344,,o-hmM88bUFA2AixQAAAB,9b76e62edbba6caa69fbfa37d3d2faf8ce0b6b9230292d6487300273610bc6b8c83883c7122db7cb94c4422338e22e08,client,0,pip,,0,1680001775818,0,0,en,GHOST_251fsx
55345,,pBWiAvfoVsYsiKYzAAAC,9b76e62edbba6caa69fbfa37d3d2faf8ce0b6b9230292d6487300273610bc6b8c83883c7122db7cb94c4422338e22e08,client,0,50B5645E-7668-41C0-8CCC-0B0A385B1B5F,1,0,1680001839916,0,1,en,
55346,,LxmCuLyUg1xNv_TDAAAD,9b76e62edbba6caa69fbfa37d3d2faf8ce0b6b9230292d6487300273610bc6b8c83883c7122db7cb94c4422338e22e08,client,0,8FD9F1C4-A537-4AF4-9996-31C30F2E94A2,2,0,1680001956673,0,1,en,
55347,,kFNNtv5ijL7pbuetAAAE,9b76e62edbba6caa69fbfa37d3d2faf8ce0b6b9230292d6487300273610bc6b8c83883c7122db7cb94c4422338e22e08,client,0,B2E8FB55-E2B1-4A42-A1B9-9E229AC4FE0E,3,0,1680001964677,0,1,en,
55348,,e3tuYaGPQEKVm8VhAAAF,9b76e62edbba6caa69fbfa37d3d2faf8ce0b6b9230292d6487300273610bc6b8c83883c7122db7cb94c4422338e22e08,client,0,539B5FC2-0E1C-4D53-8497-EA1F6838D1FF,4,0,1680001965771,0,1,en,
55349,,LxCX_1H7laW6D80pAAAG,9b76e62edbba6caa69fbfa37d3d2faf8ce0b6b9230292d6487300273610bc6b8c83883c7122db7cb94c4422338e22e08,client,0,8E89AFB0-70DB-4A7E-832F-5CD222B95F8D,5,0,1680001972717,0,1,en,
55350,,QoJ0ePkTOyXUdle6AAAH,9b76e62edbba6caa69fbfa37d3d2faf8ce0b6b9230292d6487300273610bc6b8c83883c7122db7cb94c4422338e22e08,client,0,C319C93C-AF22-45A7-B010-FDD1BC4234D4,6,0,1680001975562,0,1,en,
55351,,JtTc4tU5FfSMeKQMAAAI,9b76e62edbba6caa69fbfa37d3d2faf8ce0b6b9230292d6487300273610bc6b8c83883c7122db7cb94c4422338e22e08,client,0,AEC02919-91AB-435E-AF48-2CD6FE95B998,7,0,1680001988630,0,1,en,
55352,,ppmo_p6Tnraf-mMWAAAJ,9b76e62edbba6caa69fbfa37d3d2faf8ce0b6b9230292d6487300273610bc6b8c83883c7122db7cb94c4422338e22e08,client,0,21F601BF-7180-477D-A82D-4C406E7127C9,8,0,1680001998204,0,1,en,
55353,,1v6u9iuqVrFfypaJAAAK,9b76e62edbba6caa69fbfa37d3d2faf8ce0b6b9230292d6487300273610bc6b8c83883c7122db7cb94c4422338e22e08,client,0,B05A9D40-9B36-41F9-926E-AD48EE6560F2,9,0,1680002024361,0,1,en,
55354,,9mcsnnA-v90Gye0vAAAL,9b76e62edbba6caa69fbfa37d3d2faf8ce0b6b9230292d6487300273610bc6b8c83883c7122db7cb94c4422338e22e08,client,0,C4705CA8-29AE-488B-9C79-ADD1401E0F0D,10,0,1680002025572,0,1,en,
55355,,ppEIVXOb6hDXj1CdAAAM,9b76e62edbba6caa69fbfa37d3d2faf8ce0b6b9230292d6487300273610bc6b8c83883c7122db7cb94c4422338e22e08,client,0,5AC38610-E523-4AD9-8D2D-107AAA8873CF,11,0,1680002026535,0,1,en,
55356,,ZH2I2MGVxvlGVTSwAAAN,9b76e62edbba6caa69fbfa37d3d2faf8ce0b6b9230292d6487300273610bc6b8c83883c7122db7cb94c4422338e22e08,client,0,5E6D883E-9F7C-4685-9E61-9E3996DA298B,12,0,1680002027648,0,1,en,
55358,,9o2ZODZ7oPFWlxeZAAAP,9b76e62edbba6caa69fbfa37d3d2faf8ce0b6b9230292d6487300273610bc6b8c83883c7122db7cb94c4422338e22e08,client,0,GHOST_e37c76a9-cc81-420f-9e20-06e9e88c5d9d,,0,1680002158479,0,0,en,GHOST_8hyuf9
55375,,qRb5c_WJBjyueNN-AAAO,9b76e62edbba6caa69fbfa37d3d2faf8ce0b6b9230292d6487300273610bc6b8c83883c7122db7cb94c4422338e22e08,client,0,GHOST_e37c76a9-cc81-420f-9e20-06e9e88c5d9d,,0,1680011013284,0,0,en,GHOST_lm8ghg
